project,run_id,timestamp_utc,component,component_type,ca__ck__ck-ce-ca-proxy,ca__jdepend__jdepend-default,cbo__ck__ck-ce-ca-proxy,cc__ck__ck-normalized,cc__lizard__lizard-default,ce__ck__ck-ce-ca-proxy,ce__jdepend__jdepend-default,duplication-rate__jscpd__jscpd-default,instability__ck__ck-ce-ca-proxy-derived,instability__jdepend__jdepend-default-derived,lcom__ck__ck-default,lcom__ckjm__ckjm-default,maintainability-index__java-halstead-analyzer__mi-halstead-default,nom__ck__ck-raw,test-coverage__jacoco__jacoco-default,wmc__ck__ck-raw
Java,8a6d4c8b-2e87-4462-9f2e-7221372772ae,2026-03-02T13:43:26Z,src,module,,,,,2.683271,,,,,,,,,,,
Java,8a6d4c8b-2e87-4462-9f2e-7221372772ae,2026-03-02T13:43:34Z,src,module,,,,2.709259,,,,,,,,,,3780.0,,10241.0
Java,8a6d4c8b-2e87-4462-9f2e-7221372772ae,2026-03-02T13:44:25Z,src,module,,7.0,,,,,149.0,,,0.955128,,,,,,
Java,8a6d4c8b-2e87-4462-9f2e-7221372772ae,2026-03-02T13:44:31Z,src,module,686.0,,1608.0,,,1608.0,,,0.700959,,,,,,,
Java,8a6d4c8b-2e87-4462-9f2e-7221372772ae,2026-03-02T13:45:23Z,src,module,,,,,,,,,,,3.939243,,,,,
Java,8a6d4c8b-2e87-4462-9f2e-7221372772ae,2026-03-02T13:45:48Z,src,module,,,,,,,,,,,,5.8842,,,,
Java,8a6d4c8b-2e87-4462-9f2e-7221372772ae,2026-03-02T13:45:56Z,src,module,,,,,,,,0.0708,,,,,,,,
Java,8a6d4c8b-2e87-4462-9f2e-7221372772ae,2026-03-02T13:46:22Z,src,module,,,,,,,,,,,,,41.740277,,,
Java,8a6d4c8b-2e87-4462-9f2e-7221372772ae,2026-03-02T13:46:28Z,src,module,,,,,,,,,,,,,,,0.0,
commons-collections,8a6d4c8b-2e87-4462-9f2e-7221372772ae,2026-03-02T13:43:26Z,src,module,,,,,1.700603,,,,,,,,,,,
commons-collections,8a6d4c8b-2e87-4462-9f2e-7221372772ae,2026-03-02T13:43:34Z,src,module,,,,1.624283,,,,,,,,,,4884.0,,7933.0
commons-collections,8a6d4c8b-2e87-4462-9f2e-7221372772ae,2026-03-02T13:44:25Z,src,module,,74.0,,,,,154.0,,,0.675439,,,,,,
commons-collections,8a6d4c8b-2e87-4462-9f2e-7221372772ae,2026-03-02T13:44:31Z,src,module,1638.0,,2881.0,,,2881.0,,,0.63753,,,,,,,
commons-collections,8a6d4c8b-2e87-4462-9f2e-7221372772ae,2026-03-02T13:45:23Z,src,module,,,,,,,,,,,55.116638,,,,,
commons-collections,8a6d4c8b-2e87-4462-9f2e-7221372772ae,2026-03-02T13:45:48Z,src,module,,,,,,,,,,,,64.930421,,,,
commons-collections,8a6d4c8b-2e87-4462-9f2e-7221372772ae,2026-03-02T13:45:56Z,src,module,,,,,,,,0.2205,,,,,,,,
commons-collections,8a6d4c8b-2e87-4462-9f2e-7221372772ae,2026-03-02T13:46:22Z,src,module,,,,,,,,,,,,,40.24255,,,
commons-collections,8a6d4c8b-2e87-4462-9f2e-7221372772ae,2026-03-02T13:46:28Z,src,module,,,,,,,,,,,,,,,0.0,
commons-io,8a6d4c8b-2e87-4462-9f2e-7221372772ae,2026-03-02T13:43:26Z,src,module,,,,,1.638335,,,,,,,,,,,
commons-io,8a6d4c8b-2e87-4462-9f2e-7221372772ae,2026-03-02T13:43:34Z,src,module,,,,1.606198,,,,,,,,,,3098.0,,4976.0
commons-io,8a6d4c8b-2e87-4462-9f2e-7221372772ae,2026-03-02T13:44:25Z,src,module,,34.0,,,,,128.0,,,0.790123,,,,,,
commons-io,8a6d4c8b-2e87-4462-9f2e-7221372772ae,2026-03-02T13:44:31Z,src,module,886.0,,1335.0,,,1335.0,,,0.601081,,,,,,,
commons-io,8a6d4c8b-2e87-4462-9f2e-7221372772ae,2026-03-02T13:45:23Z,src,module,,,,,,,,,,,127.754335,,,,,
commons-io,8a6d4c8b-2e87-4462-9f2e-7221372772ae,2026-03-02T13:45:48Z,src,module,,,,,,,,,,,,148.357895,,,,
commons-io,8a6d4c8b-2e87-4462-9f2e-7221372772ae,2026-03-02T13:45:56Z,src,module,,,,,,,,0.1715,,,,,,,,
commons-io,8a6d4c8b-2e87-4462-9f2e-7221372772ae,2026-03-02T13:46:22Z,src,module,,,,,,,,,,,,,41.556985,,,
commons-io,8a6d4c8b-2e87-4462-9f2e-7221372772ae,2026-03-02T13:46:28Z,src,module,,,,,,,,,,,,,,,0.0,
commons-lang,8a6d4c8b-2e87-4462-9f2e-7221372772ae,2026-03-02T13:43:26Z,src,module,,,,,2.141312,,,,,,,,,,,
commons-lang,8a6d4c8b-2e87-4462-9f2e-7221372772ae,2026-03-02T13:43:34Z,src,module,,,,2.108108,,,,,,,,,,4403.0,,9282.0
commons-lang,8a6d4c8b-2e87-4462-9f2e-7221372772ae,2026-03-02T13:44:25Z,src,module,,31.0,,,,,111.0,,,0.78169,,,,,,
commons-lang,8a6d4c8b-2e87-4462-9f2e-7221372772ae,2026-03-02T13:44:31Z,src,module,714.0,,1379.0,,,1379.0,,,0.658863,,,,,,,
commons-lang,8a6d4c8b-2e87-4462-9f2e-7221372772ae,2026-03-02T13:45:23Z,src,module,,,,,,,,,,,421.949468,,,,,
commons-lang,8a6d4c8b-2e87-4462-9f2e-7221372772ae,2026-03-02T13:45:48Z,src,module,,,,,,,,,,,,445.353081,,,,
commons-lang,8a6d4c8b-2e87-4462-9f2e-7221372772ae,2026-03-02T13:45:56Z,src,module,,,,,,,,0.1081,,,,,,,,
commons-lang,8a6d4c8b-2e87-4462-9f2e-7221372772ae,2026-03-02T13:46:22Z,src,module,,,,,,,,,,,,,41.261137,,,
commons-lang,8a6d4c8b-2e87-4462-9f2e-7221372772ae,2026-03-02T13:46:28Z,src,module,,,,,,,,,,,,,,,0.0,
gson,8a6d4c8b-2e87-4462-9f2e-7221372772ae,2026-03-02T13:43:26Z,extras,module,,,,,3.131579,,,,,,,,,,,
gson,8a6d4c8b-2e87-4462-9f2e-7221372772ae,2026-03-02T13:43:26Z,gson,module,,,,,2.831106,,,,,,,,,,,
gson,8a6d4c8b-2e87-4462-9f2e-7221372772ae,2026-03-02T13:43:26Z,metrics,module,,,,,2.479167,,,,,,,,,,,
gson,8a6d4c8b-2e87-4462-9f2e-7221372772ae,2026-03-02T13:43:26Z,proto,module,,,,,2.8125,,,,,,,,,,,
gson,8a6d4c8b-2e87-4462-9f2e-7221372772ae,2026-03-02T13:43:26Z,test-graal-native-image,module,,,,,0.0,,,,,,,,,,,
gson,8a6d4c8b-2e87-4462-9f2e-7221372772ae,2026-03-02T13:43:26Z,test-jpms,module,,,,,0.0,,,,,,,,,,,
gson,8a6d4c8b-2e87-4462-9f2e-7221372772ae,2026-03-02T13:43:26Z,test-shrinker,module,,,,,1.051724,,,,,,,,,,,
gson,8a6d4c8b-2e87-4462-9f2e-7221372772ae,2026-03-02T13:43:34Z,extras,module,,,,2.863636,,,,,,,,,,44.0,,126.0
gson,8a6d4c8b-2e87-4462-9f2e-7221372772ae,2026-03-02T13:43:34Z,gson,module,,,,2.556854,,,,,,,,,,941.0,,2406.0
gson,8a6d4c8b-2e87-4462-9f2e-7221372772ae,2026-03-02T13:43:34Z,metrics,module,,,,2.469388,,,,,,,,,,49.0,,121.0
gson,8a6d4c8b-2e87-4462-9f2e-7221372772ae,2026-03-02T13:43:34Z,proto,module,,,,2.6875,,,,,,,,,,16.0,,43.0
gson,8a6d4c8b-2e87-4462-9f2e-7221372772ae,2026-03-02T13:43:34Z,test-graal-native-image,module,,,,0.0,,,,,,,,,,0.0,,0.0
gson,8a6d4c8b-2e87-4462-9f2e-7221372772ae,2026-03-02T13:43:34Z,test-jpms,module,,,,0.0,,,,,,,,,,0.0,,0.0
gson,8a6d4c8b-2e87-4462-9f2e-7221372772ae,2026-03-02T13:43:34Z,test-shrinker,module,,,,1.04918,,,,,,,,,,61.0,,64.0
gson,8a6d4c8b-2e87-4462-9f2e-7221372772ae,2026-03-02T13:44:25Z,extras,module,,0.0,,,,,28.0,,,1.0,,,,,,
gson,8a6d4c8b-2e87-4462-9f2e-7221372772ae,2026-03-02T13:44:25Z,gson,module,,28.0,,,,,75.0,,,0.728155,,,,,,
gson,8a6d4c8b-2e87-4462-9f2e-7221372772ae,2026-03-02T13:44:25Z,metrics,module,,0.0,,,,,17.0,,,1.0,,,,,,
gson,8a6d4c8b-2e87-4462-9f2e-7221372772ae,2026-03-02T13:44:25Z,proto,module,,0.0,,,,,9.0,,,1.0,,,,,,
gson,8a6d4c8b-2e87-4462-9f2e-7221372772ae,2026-03-02T13:44:25Z,test-graal-native-image,module,,0.0,,,,,0.0,,,0.0,,,,,,
gson,8a6d4c8b-2e87-4462-9f2e-7221372772ae,2026-03-02T13:44:25Z,test-jpms,module,,0.0,,,,,0.0,,,0.0,,,,,,
gson,8a6d4c8b-2e87-4462-9f2e-7221372772ae,2026-03-02T13:44:25Z,test-shrinker,module,,0.0,,,,,6.0,,,1.0,,,,,,
gson,8a6d4c8b-2e87-4462-9f2e-7221372772ae,2026-03-02T13:44:31Z,extras,module,4.0,,80.0,,,80.0,,,0.952381,,,,,,,
gson,8a6d4c8b-2e87-4462-9f2e-7221372772ae,2026-03-02T13:44:31Z,gson,module,604.0,,807.0,,,807.0,,,0.571935,,,,,,,
gson,8a6d4c8b-2e87-4462-9f2e-7221372772ae,2026-03-02T13:44:31Z,metrics,module,13.0,,94.0,,,94.0,,,0.878505,,,,,,,
gson,8a6d4c8b-2e87-4462-9f2e-7221372772ae,2026-03-02T13:44:31Z,proto,module,2.0,,30.0,,,30.0,,,0.9375,,,,,,,
gson,8a6d4c8b-2e87-4462-9f2e-7221372772ae,2026-03-02T13:44:31Z,test-graal-native-image,module,0.0,,0.0,,,0.0,,,0.0,,,,,,,
gson,8a6d4c8b-2e87-4462-9f2e-7221372772ae,2026-03-02T13:44:31Z,test-jpms,module,0.0,,0.0,,,0.0,,,0.0,,,,,,,
gson,8a6d4c8b-2e87-4462-9f2e-7221372772ae,2026-03-02T13:44:31Z,test-shrinker,module,19.0,,99.0,,,99.0,,,0.838983,,,,,,,
gson,8a6d4c8b-2e87-4462-9f2e-7221372772ae,2026-03-02T13:45:23Z,extras,module,,,,,,,,,,,1.5625,,,,,
gson,8a6d4c8b-2e87-4462-9f2e-7221372772ae,2026-03-02T13:45:23Z,gson,module,,,,,,,,,,,18.010101,,,,,
gson,8a6d4c8b-2e87-4462-9f2e-7221372772ae,2026-03-02T13:45:23Z,metrics,module,,,,,,,,,,,0.371429,,,,,
gson,8a6d4c8b-2e87-4462-9f2e-7221372772ae,2026-03-02T13:45:23Z,proto,module,,,,,,,,,,,1.666667,,,,,
gson,8a6d4c8b-2e87-4462-9f2e-7221372772ae,2026-03-02T13:45:23Z,test-graal-native-image,module,,,,,,,,,,,0.0,,,,,
gson,8a6d4c8b-2e87-4462-9f2e-7221372772ae,2026-03-02T13:45:23Z,test-jpms,module,,,,,,,,,,,0.0,,,,,
gson,8a6d4c8b-2e87-4462-9f2e-7221372772ae,2026-03-02T13:45:23Z,test-shrinker,module,,,,,,,,,,,4.868421,,,,,
gson,8a6d4c8b-2e87-4462-9f2e-7221372772ae,2026-03-02T13:45:48Z,extras,module,,,,,,,,,,,,6.333333,,,,
gson,8a6d4c8b-2e87-4462-9f2e-7221372772ae,2026-03-02T13:45:48Z,gson,module,,,,,,,,,,,,22.266968,,,,
gson,8a6d4c8b-2e87-4462-9f2e-7221372772ae,2026-03-02T13:45:48Z,metrics,module,,,,,,,,,,,,2.555556,,,,
gson,8a6d4c8b-2e87-4462-9f2e-7221372772ae,2026-03-02T13:45:48Z,proto,module,,,,,,,,,,,,18.0,,,,
gson,8a6d4c8b-2e87-4462-9f2e-7221372772ae,2026-03-02T13:45:48Z,test-graal-native-image,module,,,,,,,,,,,,0.0,,,,
gson,8a6d4c8b-2e87-4462-9f2e-7221372772ae,2026-03-02T13:45:48Z,test-jpms,module,,,,,,,,,,,,0.0,,,,
gson,8a6d4c8b-2e87-4462-9f2e-7221372772ae,2026-03-02T13:45:48Z,test-shrinker,module,,,,,,,,,,,,33.052632,,,,
gson,8a6d4c8b-2e87-4462-9f2e-7221372772ae,2026-03-02T13:45:56Z,extras,module,,,,,,,,0.0325,,,,,,,,
gson,8a6d4c8b-2e87-4462-9f2e-7221372772ae,2026-03-02T13:45:56Z,gson,module,,,,,,,,0.0902,,,,,,,,
gson,8a6d4c8b-2e87-4462-9f2e-7221372772ae,2026-03-02T13:45:56Z,metrics,module,,,,,,,,0.1314,,,,,,,,
gson,8a6d4c8b-2e87-4462-9f2e-7221372772ae,2026-03-02T13:45:56Z,proto,module,,,,,,,,0.0111,,,,,,,,
gson,8a6d4c8b-2e87-4462-9f2e-7221372772ae,2026-03-02T13:45:56Z,test-jpms,module,,,,,,,,0.0,,,,,,,,
gson,8a6d4c8b-2e87-4462-9f2e-7221372772ae,2026-03-02T13:45:56Z,test-shrinker,module,,,,,,,,0.1073,,,,,,,,
gson,8a6d4c8b-2e87-4462-9f2e-7221372772ae,2026-03-02T13:46:22Z,extras,module,,,,,,,,,,,,,37.26014,,,
gson,8a6d4c8b-2e87-4462-9f2e-7221372772ae,2026-03-02T13:46:22Z,gson,module,,,,,,,,,,,,,39.90275,,,
gson,8a6d4c8b-2e87-4462-9f2e-7221372772ae,2026-03-02T13:46:22Z,metrics,module,,,,,,,,,,,,,33.541803,,,
gson,8a6d4c8b-2e87-4462-9f2e-7221372772ae,2026-03-02T13:46:22Z,proto,module,,,,,,,,,,,,,9.872098,,,
gson,8a6d4c8b-2e87-4462-9f2e-7221372772ae,2026-03-02T13:46:22Z,test-graal-native-image,module,,,,,,,,,,,,,0.0,,,
gson,8a6d4c8b-2e87-4462-9f2e-7221372772ae,2026-03-02T13:46:22Z,test-jpms,module,,,,,,,,,,,,,89.253669,,,
gson,8a6d4c8b-2e87-4462-9f2e-7221372772ae,2026-03-02T13:46:22Z,test-shrinker,module,,,,,,,,,,,,,55.098784,,,
gson,8a6d4c8b-2e87-4462-9f2e-7221372772ae,2026-03-02T13:46:28Z,extras,module,,,,,,,,,,,,,,,0.0,
gson,8a6d4c8b-2e87-4462-9f2e-7221372772ae,2026-03-02T13:46:28Z,gson,module,,,,,,,,,,,,,,,0.0,
gson,8a6d4c8b-2e87-4462-9f2e-7221372772ae,2026-03-02T13:46:28Z,metrics,module,,,,,,,,,,,,,,,0.0,
gson,8a6d4c8b-2e87-4462-9f2e-7221372772ae,2026-03-02T13:46:28Z,proto,module,,,,,,,,,,,,,,,0.0,
gson,8a6d4c8b-2e87-4462-9f2e-7221372772ae,2026-03-02T13:46:28Z,test-graal-native-image,module,,,,,,,,,,,,,,,0.0,
gson,8a6d4c8b-2e87-4462-9f2e-7221372772ae,2026-03-02T13:46:28Z,test-jpms,module,,,,,,,,,,,,,,,0.0,
gson,8a6d4c8b-2e87-4462-9f2e-7221372772ae,2026-03-02T13:46:28Z,test-shrinker,module,,,,,,,,,,,,,,,0.0,
guava,8a6d4c8b-2e87-4462-9f2e-7221372772ae,2026-03-02T13:43:26Z,android,module,,,,,1.723562,,,,,,,,,,,
guava,8a6d4c8b-2e87-4462-9f2e-7221372772ae,2026-03-02T13:43:26Z,futures,module,,,,,1.0,,,,,,,,,,,
guava,8a6d4c8b-2e87-4462-9f2e-7221372772ae,2026-03-02T13:43:26Z,guava,module,,,,,1.683407,,,,,,,,,,,
guava,8a6d4c8b-2e87-4462-9f2e-7221372772ae,2026-03-02T13:43:26Z,guava-bom,module,,,,,0.0,,,,,,,,,,,
guava,8a6d4c8b-2e87-4462-9f2e-7221372772ae,2026-03-02T13:43:26Z,guava-gwt,module,,,,,1.410084,,,,,,,,,,,
guava,8a6d4c8b-2e87-4462-9f2e-7221372772ae,2026-03-02T13:43:26Z,guava-testlib,module,,,,,0.0,,,,,,,,,,,
guava,8a6d4c8b-2e87-4462-9f2e-7221372772ae,2026-03-02T13:43:26Z,guava-tests,module,,,,,2.148073,,,,,,,,,,,
guava,8a6d4c8b-2e87-4462-9f2e-7221372772ae,2026-03-02T13:43:26Z,integration-tests,module,,,,,0.0,,,,,,,,,,,
guava,8a6d4c8b-2e87-4462-9f2e-7221372772ae,2026-03-02T13:43:26Z,proguard,module,,,,,0.0,,,,,,,,,,,
guava,8a6d4c8b-2e87-4462-9f2e-7221372772ae,2026-03-02T13:43:26Z,util,module,,,,,0.0,,,,,,,,,,,
guava,8a6d4c8b-2e87-4462-9f2e-7221372772ae,2026-03-02T13:43:34Z,android,module,,,,1.552041,,,,,,,,,,16785.0,,26051.0
guava,8a6d4c8b-2e87-4462-9f2e-7221372772ae,2026-03-02T13:43:34Z,futures,module,,,,1.0,,,,,,,,,,5.0,,5.0
guava,8a6d4c8b-2e87-4462-9f2e-7221372772ae,2026-03-02T13:43:34Z,guava,module,,,,1.595985,,,,,,,,,,12950.0,,20668.0
guava,8a6d4c8b-2e87-4462-9f2e-7221372772ae,2026-03-02T13:43:34Z,guava-bom,module,,,,0.0,,,,,,,,,,0.0,,0.0
guava,8a6d4c8b-2e87-4462-9f2e-7221372772ae,2026-03-02T13:43:34Z,guava-gwt,module,,,,1.304539,,,,,,,,,,683.0,,891.0
guava,8a6d4c8b-2e87-4462-9f2e-7221372772ae,2026-03-02T13:43:34Z,guava-testlib,module,,,,0.0,,,,,,,,,,0.0,,0.0
guava,8a6d4c8b-2e87-4462-9f2e-7221372772ae,2026-03-02T13:43:34Z,guava-tests,module,,,,1.351161,,,,,,,,,,4263.0,,5760.0
guava,8a6d4c8b-2e87-4462-9f2e-7221372772ae,2026-03-02T13:43:34Z,integration-tests,module,,,,0.0,,,,,,,,,,0.0,,0.0
guava,8a6d4c8b-2e87-4462-9f2e-7221372772ae,2026-03-02T13:43:34Z,proguard,module,,,,0.0,,,,,,,,,,0.0,,0.0
guava,8a6d4c8b-2e87-4462-9f2e-7221372772ae,2026-03-02T13:43:34Z,util,module,,,,0.0,,,,,,,,,,0.0,,0.0
guava,8a6d4c8b-2e87-4462-9f2e-7221372772ae,2026-03-02T13:44:25Z,android,module,,0.0,,,,,0.0,,,0.0,,,,,,
guava,8a6d4c8b-2e87-4462-9f2e-7221372772ae,2026-03-02T13:44:25Z,futures,module,,0.0,,,,,0.0,,,0.0,,,,,,
guava,8a6d4c8b-2e87-4462-9f2e-7221372772ae,2026-03-02T13:44:25Z,guava,module,,44.0,,,,,182.0,,,0.80531,,,,,,
guava,8a6d4c8b-2e87-4462-9f2e-7221372772ae,2026-03-02T13:44:25Z,guava-bom,module,,0.0,,,,,0.0,,,0.0,,,,,,
guava,8a6d4c8b-2e87-4462-9f2e-7221372772ae,2026-03-02T13:44:25Z,guava-gwt,module,,0.0,,,,,0.0,,,0.0,,,,,,
guava,8a6d4c8b-2e87-4462-9f2e-7221372772ae,2026-03-02T13:44:25Z,guava-testlib,module,,11.0,,,,,75.0,,,0.872093,,,,,,
guava,8a6d4c8b-2e87-4462-9f2e-7221372772ae,2026-03-02T13:44:25Z,guava-tests,module,,0.0,,,,,0.0,,,0.0,,,,,,
guava,8a6d4c8b-2e87-4462-9f2e-7221372772ae,2026-03-02T13:44:25Z,integration-tests,module,,0.0,,,,,0.0,,,0.0,,,,,,
guava,8a6d4c8b-2e87-4462-9f2e-7221372772ae,2026-03-02T13:44:25Z,proguard,module,,0.0,,,,,0.0,,,0.0,,,,,,
guava,8a6d4c8b-2e87-4462-9f2e-7221372772ae,2026-03-02T13:44:25Z,util,module,,0.0,,,,,0.0,,,0.0,,,,,,
guava,8a6d4c8b-2e87-4462-9f2e-7221372772ae,2026-03-02T13:44:31Z,android,module,7886.0,,25329.0,,,25332.0,,,0.762599,,,,,,,
guava,8a6d4c8b-2e87-4462-9f2e-7221372772ae,2026-03-02T13:44:31Z,futures,module,1.0,,5.0,,,5.0,,,0.833333,,,,,,,
guava,8a6d4c8b-2e87-4462-9f2e-7221372772ae,2026-03-02T13:44:31Z,guava,module,4123.0,,12145.0,,,12148.0,,,0.746604,,,,,,,
guava,8a6d4c8b-2e87-4462-9f2e-7221372772ae,2026-03-02T13:44:31Z,guava-bom,module,0.0,,0.0,,,0.0,,,0.0,,,,,,,
guava,8a6d4c8b-2e87-4462-9f2e-7221372772ae,2026-03-02T13:44:31Z,guava-gwt,module,133.0,,505.0,,,505.0,,,0.791536,,,,,,,
guava,8a6d4c8b-2e87-4462-9f2e-7221372772ae,2026-03-02T13:44:31Z,guava-testlib,module,1701.0,,4759.0,,,4759.0,,,0.736687,,,,,,,
guava,8a6d4c8b-2e87-4462-9f2e-7221372772ae,2026-03-02T13:44:31Z,guava-tests,module,876.0,,8952.0,,,8952.0,,,0.910867,,,,,,,
guava,8a6d4c8b-2e87-4462-9f2e-7221372772ae,2026-03-02T13:44:31Z,integration-tests,module,0.0,,0.0,,,0.0,,,0.0,,,,,,,
guava,8a6d4c8b-2e87-4462-9f2e-7221372772ae,2026-03-02T13:44:31Z,proguard,module,0.0,,0.0,,,0.0,,,0.0,,,,,,,
guava,8a6d4c8b-2e87-4462-9f2e-7221372772ae,2026-03-02T13:44:31Z,util,module,0.0,,0.0,,,0.0,,,0.0,,,,,,,
guava,8a6d4c8b-2e87-4462-9f2e-7221372772ae,2026-03-02T13:45:23Z,android,module,,,,,,,,,,,0.0,,,,,
guava,8a6d4c8b-2e87-4462-9f2e-7221372772ae,2026-03-02T13:45:23Z,futures,module,,,,,,,,,,,0.0,,,,,
guava,8a6d4c8b-2e87-4462-9f2e-7221372772ae,2026-03-02T13:45:23Z,guava,module,,,,,,,,,,,0.0,,,,,
guava,8a6d4c8b-2e87-4462-9f2e-7221372772ae,2026-03-02T13:45:23Z,guava-bom,module,,,,,,,,,,,0.0,,,,,
guava,8a6d4c8b-2e87-4462-9f2e-7221372772ae,2026-03-02T13:45:23Z,guava-gwt,module,,,,,,,,,,,0.0,,,,,
guava,8a6d4c8b-2e87-4462-9f2e-7221372772ae,2026-03-02T13:45:23Z,guava-testlib,module,,,,,,,,,,,0.0,,,,,
guava,8a6d4c8b-2e87-4462-9f2e-7221372772ae,2026-03-02T13:45:23Z,guava-tests,module,,,,,,,,,,,0.0,,,,,
guava,8a6d4c8b-2e87-4462-9f2e-7221372772ae,2026-03-02T13:45:23Z,integration-tests,module,,,,,,,,,,,0.0,,,,,
guava,8a6d4c8b-2e87-4462-9f2e-7221372772ae,2026-03-02T13:45:23Z,proguard,module,,,,,,,,,,,0.0,,,,,
guava,8a6d4c8b-2e87-4462-9f2e-7221372772ae,2026-03-02T13:45:23Z,util,module,,,,,,,,,,,0.0,,,,,
guava,8a6d4c8b-2e87-4462-9f2e-7221372772ae,2026-03-02T13:45:48Z,android,module,,,,,,,,,,,,0.0,,,,
guava,8a6d4c8b-2e87-4462-9f2e-7221372772ae,2026-03-02T13:45:48Z,futures,module,,,,,,,,,,,,0.0,,,,
guava,8a6d4c8b-2e87-4462-9f2e-7221372772ae,2026-03-02T13:45:48Z,guava,module,,,,,,,,,,,,62.580316,,,,
guava,8a6d4c8b-2e87-4462-9f2e-7221372772ae,2026-03-02T13:45:48Z,guava-bom,module,,,,,,,,,,,,0.0,,,,
guava,8a6d4c8b-2e87-4462-9f2e-7221372772ae,2026-03-02T13:45:48Z,guava-gwt,module,,,,,,,,,,,,0.0,,,,
guava,8a6d4c8b-2e87-4462-9f2e-7221372772ae,2026-03-02T13:45:48Z,guava-testlib,module,,,,,,,,,,,,46.911076,,,,
guava,8a6d4c8b-2e87-4462-9f2e-7221372772ae,2026-03-02T13:45:48Z,guava-tests,module,,,,,,,,,,,,0.0,,,,
guava,8a6d4c8b-2e87-4462-9f2e-7221372772ae,2026-03-02T13:45:48Z,integration-tests,module,,,,,,,,,,,,0.0,,,,
guava,8a6d4c8b-2e87-4462-9f2e-7221372772ae,2026-03-02T13:45:48Z,proguard,module,,,,,,,,,,,,0.0,,,,
guava,8a6d4c8b-2e87-4462-9f2e-7221372772ae,2026-03-02T13:45:48Z,util,module,,,,,,,,,,,,0.0,,,,
guava,8a6d4c8b-2e87-4462-9f2e-7221372772ae,2026-03-02T13:45:56Z,android,module,,,,,,,,0.2184,,,,,,,,
guava,8a6d4c8b-2e87-4462-9f2e-7221372772ae,2026-03-02T13:45:56Z,futures,module,,,,,,,,0.0,,,,,,,,
guava,8a6d4c8b-2e87-4462-9f2e-7221372772ae,2026-03-02T13:45:56Z,guava,module,,,,,,,,0.2104,,,,,,,,
guava,8a6d4c8b-2e87-4462-9f2e-7221372772ae,2026-03-02T13:45:56Z,guava-gwt,module,,,,,,,,0.1862,,,,,,,,
guava,8a6d4c8b-2e87-4462-9f2e-7221372772ae,2026-03-02T13:45:56Z,guava-testlib,module,,,,,,,,0.0,,,,,,,,
guava,8a6d4c8b-2e87-4462-9f2e-7221372772ae,2026-03-02T13:45:56Z,guava-tests,module,,,,,,,,0.1919,,,,,,,,
guava,8a6d4c8b-2e87-4462-9f2e-7221372772ae,2026-03-02T13:46:22Z,android,module,,,,,,,,,,,,,33.14565,,,
guava,8a6d4c8b-2e87-4462-9f2e-7221372772ae,2026-03-02T13:46:22Z,futures,module,,,,,,,,,,,,,64.918682,,,
guava,8a6d4c8b-2e87-4462-9f2e-7221372772ae,2026-03-02T13:46:22Z,guava,module,,,,,,,,,,,,,33.21846,,,
guava,8a6d4c8b-2e87-4462-9f2e-7221372772ae,2026-03-02T13:46:22Z,guava-bom,module,,,,,,,,,,,,,0.0,,,
guava,8a6d4c8b-2e87-4462-9f2e-7221372772ae,2026-03-02T13:46:22Z,guava-gwt,module,,,,,,,,,,,,,42.526681,,,
guava,8a6d4c8b-2e87-4462-9f2e-7221372772ae,2026-03-02T13:46:22Z,guava-testlib,module,,,,,,,,,,,,,54.361998,,,
guava,8a6d4c8b-2e87-4462-9f2e-7221372772ae,2026-03-02T13:46:22Z,guava-tests,module,,,,,,,,,,,,,30.951094,,,
guava,8a6d4c8b-2e87-4462-9f2e-7221372772ae,2026-03-02T13:46:22Z,integration-tests,module,,,,,,,,,,,,,0.0,,,
guava,8a6d4c8b-2e87-4462-9f2e-7221372772ae,2026-03-02T13:46:22Z,proguard,module,,,,,,,,,,,,,0.0,,,
guava,8a6d4c8b-2e87-4462-9f2e-7221372772ae,2026-03-02T13:46:22Z,util,module,,,,,,,,,,,,,0.0,,,
guava,8a6d4c8b-2e87-4462-9f2e-7221372772ae,2026-03-02T13:46:28Z,android,module,,,,,,,,,,,,,,,0.0,
guava,8a6d4c8b-2e87-4462-9f2e-7221372772ae,2026-03-02T13:46:28Z,futures,module,,,,,,,,,,,,,,,0.0,
guava,8a6d4c8b-2e87-4462-9f2e-7221372772ae,2026-03-02T13:46:28Z,guava,module,,,,,,,,,,,,,,,0.0,
guava,8a6d4c8b-2e87-4462-9f2e-7221372772ae,2026-03-02T13:46:28Z,guava-bom,module,,,,,,,,,,,,,,,0.0,
guava,8a6d4c8b-2e87-4462-9f2e-7221372772ae,2026-03-02T13:46:28Z,guava-gwt,module,,,,,,,,,,,,,,,0.0,
guava,8a6d4c8b-2e87-4462-9f2e-7221372772ae,2026-03-02T13:46:28Z,guava-testlib,module,,,,,,,,,,,,,,,0.0,
guava,8a6d4c8b-2e87-4462-9f2e-7221372772ae,2026-03-02T13:46:28Z,guava-tests,module,,,,,,,,,,,,,,,0.0,
guava,8a6d4c8b-2e87-4462-9f2e-7221372772ae,2026-03-02T13:46:28Z,integration-tests,module,,,,,,,,,,,,,,,0.0,
guava,8a6d4c8b-2e87-4462-9f2e-7221372772ae,2026-03-02T13:46:28Z,proguard,module,,,,,,,,,,,,,,,0.0,
guava,8a6d4c8b-2e87-4462-9f2e-7221372772ae,2026-03-02T13:46:28Z,util,module,,,,,,,,,,,,,,,0.0,
junit5,8a6d4c8b-2e87-4462-9f2e-7221372772ae,2026-03-02T13:43:26Z,junit-jupiter-engine,module,,,,,1.416571,,,,,,,,,,,
junit5,8a6d4c8b-2e87-4462-9f2e-7221372772ae,2026-03-02T13:43:34Z,junit-jupiter-engine,module,,,,1.35813,,,,,,,,,,941.0,,1278.0
junit5,8a6d4c8b-2e87-4462-9f2e-7221372772ae,2026-03-02T13:44:25Z,junit-jupiter-engine,module,,9.0,,,,,80.0,,,0.898876,,,,,,
junit5,8a6d4c8b-2e87-4462-9f2e-7221372772ae,2026-03-02T13:44:31Z,junit-jupiter-engine,module,405.0,,1269.0,,,1269.0,,,0.758065,,,,,,,
junit5,8a6d4c8b-2e87-4462-9f2e-7221372772ae,2026-03-02T13:45:23Z,junit-jupiter-engine,module,,,,,,,,,,,28.804054,,,,,
junit5,8a6d4c8b-2e87-4462-9f2e-7221372772ae,2026-03-02T13:45:48Z,junit-jupiter-engine,module,,,,,,,,,,,,67.773256,,,,
junit5,8a6d4c8b-2e87-4462-9f2e-7221372772ae,2026-03-02T13:45:56Z,junit-jupiter-engine,module,,,,,,,,0.1593,,,,,,,,
junit5,8a6d4c8b-2e87-4462-9f2e-7221372772ae,2026-03-02T13:46:22Z,junit-jupiter-engine,module,,,,,,,,,,,,,41.047955,,,
junit5,8a6d4c8b-2e87-4462-9f2e-7221372772ae,2026-03-02T13:46:28Z,junit-jupiter-engine,module,,,,,,,,,,,,,,,0.0,
okio,8a6d4c8b-2e87-4462-9f2e-7221372772ae,2026-03-02T13:43:26Z,android-test,module,,,,,0.0,,,,,,,,,,,
okio,8a6d4c8b-2e87-4462-9f2e-7221372772ae,2026-03-02T13:43:26Z,build-support,module,,,,,0.0,,,,,,,,,,,
okio,8a6d4c8b-2e87-4462-9f2e-7221372772ae,2026-03-02T13:43:26Z,docs,module,,,,,0.0,,,,,,,,,,,
okio,8a6d4c8b-2e87-4462-9f2e-7221372772ae,2026-03-02T13:43:26Z,gradle,module,,,,,0.0,,,,,,,,,,,
okio,8a6d4c8b-2e87-4462-9f2e-7221372772ae,2026-03-02T13:43:26Z,kotlin-js-store,module,,,,,0.0,,,,,,,,,,,
okio,8a6d4c8b-2e87-4462-9f2e-7221372772ae,2026-03-02T13:43:26Z,okio,module,,,,,1.191781,,,,,,,,,,,
okio,8a6d4c8b-2e87-4462-9f2e-7221372772ae,2026-03-02T13:43:26Z,okio-assetfilesystem,module,,,,,0.0,,,,,,,,,,,
okio,8a6d4c8b-2e87-4462-9f2e-7221372772ae,2026-03-02T13:43:26Z,okio-bom,module,,,,,0.0,,,,,,,,,,,
okio,8a6d4c8b-2e87-4462-9f2e-7221372772ae,2026-03-02T13:43:26Z,okio-fakefilesystem,module,,,,,0.0,,,,,,,,,,,
okio,8a6d4c8b-2e87-4462-9f2e-7221372772ae,2026-03-02T13:43:26Z,okio-nodefilesystem,module,,,,,0.0,,,,,,,,,,,
okio,8a6d4c8b-2e87-4462-9f2e-7221372772ae,2026-03-02T13:43:26Z,okio-testing-support,module,,,,,0.0,,,,,,,,,,,
okio,8a6d4c8b-2e87-4462-9f2e-7221372772ae,2026-03-02T13:43:26Z,okio-wasifilesystem,module,,,,,0.0,,,,,,,,,,,
okio,8a6d4c8b-2e87-4462-9f2e-7221372772ae,2026-03-02T13:43:26Z,samples,module,,,,,1.9875,,,,,,,,,,,
okio,8a6d4c8b-2e87-4462-9f2e-7221372772ae,2026-03-02T13:43:34Z,android-test,module,,,,0.0,,,,,,,,,,0.0,,0.0
okio,8a6d4c8b-2e87-4462-9f2e-7221372772ae,2026-03-02T13:43:34Z,build-support,module,,,,0.0,,,,,,,,,,0.0,,0.0
okio,8a6d4c8b-2e87-4462-9f2e-7221372772ae,2026-03-02T13:43:34Z,docs,module,,,,0.0,,,,,,,,,,0.0,,0.0
okio,8a6d4c8b-2e87-4462-9f2e-7221372772ae,2026-03-02T13:43:34Z,gradle,module,,,,0.0,,,,,,,,,,0.0,,0.0
okio,8a6d4c8b-2e87-4462-9f2e-7221372772ae,2026-03-02T13:43:34Z,kotlin-js-store,module,,,,0.0,,,,,,,,,,0.0,,0.0
okio,8a6d4c8b-2e87-4462-9f2e-7221372772ae,2026-03-02T13:43:34Z,okio,module,,,,1.205128,,,,,,,,,,78.0,,94.0
okio,8a6d4c8b-2e87-4462-9f2e-7221372772ae,2026-03-02T13:43:34Z,okio-assetfilesystem,module,,,,0.0,,,,,,,,,,0.0,,0.0
okio,8a6d4c8b-2e87-4462-9f2e-7221372772ae,2026-03-02T13:43:34Z,okio-bom,module,,,,0.0,,,,,,,,,,0.0,,0.0
okio,8a6d4c8b-2e87-4462-9f2e-7221372772ae,2026-03-02T13:43:34Z,okio-fakefilesystem,module,,,,0.0,,,,,,,,,,0.0,,0.0
okio,8a6d4c8b-2e87-4462-9f2e-7221372772ae,2026-03-02T13:43:34Z,okio-nodefilesystem,module,,,,0.0,,,,,,,,,,0.0,,0.0
okio,8a6d4c8b-2e87-4462-9f2e-7221372772ae,2026-03-02T13:43:34Z,okio-testing-support,module,,,,0.0,,,,,,,,,,0.0,,0.0
okio,8a6d4c8b-2e87-4462-9f2e-7221372772ae,2026-03-02T13:43:34Z,okio-wasifilesystem,module,,,,0.0,,,,,,,,,,0.0,,0.0
okio,8a6d4c8b-2e87-4462-9f2e-7221372772ae,2026-03-02T13:43:34Z,samples,module,,,,1.940476,,,,,,,,,,84.0,,163.0
okio,8a6d4c8b-2e87-4462-9f2e-7221372772ae,2026-03-02T13:44:25Z,android-test,module,,0.0,,,,,0.0,,,0.0,,,,,,
okio,8a6d4c8b-2e87-4462-9f2e-7221372772ae,2026-03-02T13:44:25Z,build-support,module,,0.0,,,,,14.0,,,1.0,,,,,,
okio,8a6d4c8b-2e87-4462-9f2e-7221372772ae,2026-03-02T13:44:25Z,docs,module,,0.0,,,,,0.0,,,0.0,,,,,,
okio,8a6d4c8b-2e87-4462-9f2e-7221372772ae,2026-03-02T13:44:25Z,gradle,module,,0.0,,,,,0.0,,,0.0,,,,,,
okio,8a6d4c8b-2e87-4462-9f2e-7221372772ae,2026-03-02T13:44:25Z,kotlin-js-store,module,,0.0,,,,,0.0,,,0.0,,,,,,
okio,8a6d4c8b-2e87-4462-9f2e-7221372772ae,2026-03-02T13:44:25Z,okio,module,,2.0,,,,,45.0,,,0.957447,,,,,,
okio,8a6d4c8b-2e87-4462-9f2e-7221372772ae,2026-03-02T13:44:25Z,okio-assetfilesystem,module,,0.0,,,,,0.0,,,0.0,,,,,,
okio,8a6d4c8b-2e87-4462-9f2e-7221372772ae,2026-03-02T13:44:25Z,okio-bom,module,,0.0,,,,,0.0,,,0.0,,,,,,
okio,8a6d4c8b-2e87-4462-9f2e-7221372772ae,2026-03-02T13:44:25Z,okio-fakefilesystem,module,,0.0,,,,,9.0,,,1.0,,,,,,
okio,8a6d4c8b-2e87-4462-9f2e-7221372772ae,2026-03-02T13:44:25Z,okio-nodefilesystem,module,,0.0,,,,,0.0,,,0.0,,,,,,
okio,8a6d4c8b-2e87-4462-9f2e-7221372772ae,2026-03-02T13:44:25Z,okio-testing-support,module,,0.0,,,,,17.0,,,1.0,,,,,,
okio,8a6d4c8b-2e87-4462-9f2e-7221372772ae,2026-03-02T13:44:25Z,okio-wasifilesystem,module,,0.0,,,,,0.0,,,0.0,,,,,,
okio,8a6d4c8b-2e87-4462-9f2e-7221372772ae,2026-03-02T13:44:25Z,samples,module,,0.0,,,,,9.0,,,1.0,,,,,,
okio,8a6d4c8b-2e87-4462-9f2e-7221372772ae,2026-03-02T13:44:31Z,android-test,module,0.0,,0.0,,,0.0,,,0.0,,,,,,,
okio,8a6d4c8b-2e87-4462-9f2e-7221372772ae,2026-03-02T13:44:31Z,build-support,module,0.0,,0.0,,,0.0,,,0.0,,,,,,,
okio,8a6d4c8b-2e87-4462-9f2e-7221372772ae,2026-03-02T13:44:31Z,docs,module,0.0,,0.0,,,0.0,,,0.0,,,,,,,
okio,8a6d4c8b-2e87-4462-9f2e-7221372772ae,2026-03-02T13:44:31Z,gradle,module,0.0,,0.0,,,0.0,,,0.0,,,,,,,
okio,8a6d4c8b-2e87-4462-9f2e-7221372772ae,2026-03-02T13:44:31Z,kotlin-js-store,module,0.0,,0.0,,,0.0,,,0.0,,,,,,,
okio,8a6d4c8b-2e87-4462-9f2e-7221372772ae,2026-03-02T13:44:31Z,okio,module,14.0,,172.0,,,172.0,,,0.924731,,,,,,,
okio,8a6d4c8b-2e87-4462-9f2e-7221372772ae,2026-03-02T13:44:31Z,okio-assetfilesystem,module,0.0,,0.0,,,0.0,,,0.0,,,,,,,
okio,8a6d4c8b-2e87-4462-9f2e-7221372772ae,2026-03-02T13:44:31Z,okio-bom,module,0.0,,0.0,,,0.0,,,0.0,,,,,,,
okio,8a6d4c8b-2e87-4462-9f2e-7221372772ae,2026-03-02T13:44:31Z,okio-fakefilesystem,module,0.0,,0.0,,,0.0,,,0.0,,,,,,,
okio,8a6d4c8b-2e87-4462-9f2e-7221372772ae,2026-03-02T13:44:31Z,okio-nodefilesystem,module,0.0,,0.0,,,0.0,,,0.0,,,,,,,
okio,8a6d4c8b-2e87-4462-9f2e-7221372772ae,2026-03-02T13:44:31Z,okio-testing-support,module,0.0,,0.0,,,0.0,,,0.0,,,,,,,
okio,8a6d4c8b-2e87-4462-9f2e-7221372772ae,2026-03-02T13:44:31Z,okio-wasifilesystem,module,0.0,,0.0,,,0.0,,,0.0,,,,,,,
okio,8a6d4c8b-2e87-4462-9f2e-7221372772ae,2026-03-02T13:44:31Z,samples,module,12.0,,81.0,,,81.0,,,0.870968,,,,,,,
okio,8a6d4c8b-2e87-4462-9f2e-7221372772ae,2026-03-02T13:45:23Z,android-test,module,,,,,,,,,,,0.0,,,,,
okio,8a6d4c8b-2e87-4462-9f2e-7221372772ae,2026-03-02T13:45:23Z,build-support,module,,,,,,,,,,,0.0,,,,,
okio,8a6d4c8b-2e87-4462-9f2e-7221372772ae,2026-03-02T13:45:23Z,docs,module,,,,,,,,,,,0.0,,,,,
okio,8a6d4c8b-2e87-4462-9f2e-7221372772ae,2026-03-02T13:45:23Z,gradle,module,,,,,,,,,,,0.0,,,,,
okio,8a6d4c8b-2e87-4462-9f2e-7221372772ae,2026-03-02T13:45:23Z,kotlin-js-store,module,,,,,,,,,,,0.0,,,,,
okio,8a6d4c8b-2e87-4462-9f2e-7221372772ae,2026-03-02T13:45:23Z,okio,module,,,,,,,,,,,0.0,,,,,
okio,8a6d4c8b-2e87-4462-9f2e-7221372772ae,2026-03-02T13:45:23Z,okio-assetfilesystem,module,,,,,,,,,,,0.0,,,,,
okio,8a6d4c8b-2e87-4462-9f2e-7221372772ae,2026-03-02T13:45:23Z,okio-bom,module,,,,,,,,,,,0.0,,,,,
okio,8a6d4c8b-2e87-4462-9f2e-7221372772ae,2026-03-02T13:45:23Z,okio-fakefilesystem,module,,,,,,,,,,,0.0,,,,,
okio,8a6d4c8b-2e87-4462-9f2e-7221372772ae,2026-03-02T13:45:23Z,okio-nodefilesystem,module,,,,,,,,,,,0.0,,,,,
okio,8a6d4c8b-2e87-4462-9f2e-7221372772ae,2026-03-02T13:45:23Z,okio-testing-support,module,,,,,,,,,,,0.0,,,,,
okio,8a6d4c8b-2e87-4462-9f2e-7221372772ae,2026-03-02T13:45:23Z,okio-wasifilesystem,module,,,,,,,,,,,0.0,,,,,
okio,8a6d4c8b-2e87-4462-9f2e-7221372772ae,2026-03-02T13:45:23Z,samples,module,,,,,,,,,,,0.0,,,,,
okio,8a6d4c8b-2e87-4462-9f2e-7221372772ae,2026-03-02T13:45:48Z,android-test,module,,,,,,,,,,,,0.0,,,,
okio,8a6d4c8b-2e87-4462-9f2e-7221372772ae,2026-03-02T13:45:48Z,build-support,module,,,,,,,,,,,,16.785714,,,,
okio,8a6d4c8b-2e87-4462-9f2e-7221372772ae,2026-03-02T13:45:48Z,docs,module,,,,,,,,,,,,0.0,,,,
okio,8a6d4c8b-2e87-4462-9f2e-7221372772ae,2026-03-02T13:45:48Z,gradle,module,,,,,,,,,,,,0.0,,,,
okio,8a6d4c8b-2e87-4462-9f2e-7221372772ae,2026-03-02T13:45:48Z,kotlin-js-store,module,,,,,,,,,,,,0.0,,,,
okio,8a6d4c8b-2e87-4462-9f2e-7221372772ae,2026-03-02T13:45:48Z,okio,module,,,,,,,,,,,,197.547009,,,,
okio,8a6d4c8b-2e87-4462-9f2e-7221372772ae,2026-03-02T13:45:48Z,okio-assetfilesystem,module,,,,,,,,,,,,0.0,,,,
okio,8a6d4c8b-2e87-4462-9f2e-7221372772ae,2026-03-02T13:45:48Z,okio-bom,module,,,,,,,,,,,,0.0,,,,
okio,8a6d4c8b-2e87-4462-9f2e-7221372772ae,2026-03-02T13:45:48Z,okio-fakefilesystem,module,,,,,,,,,,,,115.307692,,,,
okio,8a6d4c8b-2e87-4462-9f2e-7221372772ae,2026-03-02T13:45:48Z,okio-nodefilesystem,module,,,,,,,,,,,,0.0,,,,
okio,8a6d4c8b-2e87-4462-9f2e-7221372772ae,2026-03-02T13:45:48Z,okio-testing-support,module,,,,,,,,,,,,115.60221,,,,
okio,8a6d4c8b-2e87-4462-9f2e-7221372772ae,2026-03-02T13:45:48Z,okio-wasifilesystem,module,,,,,,,,,,,,0.0,,,,
okio,8a6d4c8b-2e87-4462-9f2e-7221372772ae,2026-03-02T13:45:48Z,samples,module,,,,,,,,,,,,3.941176,,,,
okio,8a6d4c8b-2e87-4462-9f2e-7221372772ae,2026-03-02T13:45:56Z,okio,module,,,,,,,,0.3085,,,,,,,,
okio,8a6d4c8b-2e87-4462-9f2e-7221372772ae,2026-03-02T13:45:56Z,samples,module,,,,,,,,0.1589,,,,,,,,
okio,8a6d4c8b-2e87-4462-9f2e-7221372772ae,2026-03-02T13:46:22Z,android-test,module,,,,,,,,,,,,,0.0,,,
okio,8a6d4c8b-2e87-4462-9f2e-7221372772ae,2026-03-02T13:46:22Z,build-support,module,,,,,,,,,,,,,0.0,,,
okio,8a6d4c8b-2e87-4462-9f2e-7221372772ae,2026-03-02T13:46:22Z,docs,module,,,,,,,,,,,,,0.0,,,
okio,8a6d4c8b-2e87-4462-9f2e-7221372772ae,2026-03-02T13:46:22Z,gradle,module,,,,,,,,,,,,,0.0,,,
okio,8a6d4c8b-2e87-4462-9f2e-7221372772ae,2026-03-02T13:46:22Z,kotlin-js-store,module,,,,,,,,,,,,,0.0,,,
okio,8a6d4c8b-2e87-4462-9f2e-7221372772ae,2026-03-02T13:46:22Z,okio,module,,,,,,,,,,,,,34.589232,,,
okio,8a6d4c8b-2e87-4462-9f2e-7221372772ae,2026-03-02T13:46:22Z,okio-assetfilesystem,module,,,,,,,,,,,,,0.0,,,
okio,8a6d4c8b-2e87-4462-9f2e-7221372772ae,2026-03-02T13:46:22Z,okio-bom,module,,,,,,,,,,,,,0.0,,,
okio,8a6d4c8b-2e87-4462-9f2e-7221372772ae,2026-03-02T13:46:22Z,okio-fakefilesystem,module,,,,,,,,,,,,,0.0,,,
okio,8a6d4c8b-2e87-4462-9f2e-7221372772ae,2026-03-02T13:46:22Z,okio-nodefilesystem,module,,,,,,,,,,,,,0.0,,,
okio,8a6d4c8b-2e87-4462-9f2e-7221372772ae,2026-03-02T13:46:22Z,okio-testing-support,module,,,,,,,,,,,,,0.0,,,
okio,8a6d4c8b-2e87-4462-9f2e-7221372772ae,2026-03-02T13:46:22Z,okio-wasifilesystem,module,,,,,,,,,,,,,0.0,,,
okio,8a6d4c8b-2e87-4462-9f2e-7221372772ae,2026-03-02T13:46:22Z,samples,module,,,,,,,,,,,,,39.695112,,,
okio,8a6d4c8b-2e87-4462-9f2e-7221372772ae,2026-03-02T13:46:28Z,android-test,module,,,,,,,,,,,,,,,0.0,
okio,8a6d4c8b-2e87-4462-9f2e-7221372772ae,2026-03-02T13:46:28Z,build-support,module,,,,,,,,,,,,,,,0.0,
okio,8a6d4c8b-2e87-4462-9f2e-7221372772ae,2026-03-02T13:46:28Z,docs,module,,,,,,,,,,,,,,,0.0,
okio,8a6d4c8b-2e87-4462-9f2e-7221372772ae,2026-03-02T13:46:28Z,gradle,module,,,,,,,,,,,,,,,0.0,
okio,8a6d4c8b-2e87-4462-9f2e-7221372772ae,2026-03-02T13:46:28Z,kotlin-js-store,module,,,,,,,,,,,,,,,0.0,
okio,8a6d4c8b-2e87-4462-9f2e-7221372772ae,2026-03-02T13:46:28Z,okio,module,,,,,,,,,,,,,,,0.0,
okio,8a6d4c8b-2e87-4462-9f2e-7221372772ae,2026-03-02T13:46:28Z,okio-assetfilesystem,module,,,,,,,,,,,,,,,0.0,
okio,8a6d4c8b-2e87-4462-9f2e-7221372772ae,2026-03-02T13:46:28Z,okio-bom,module,,,,,,,,,,,,,,,0.0,
okio,8a6d4c8b-2e87-4462-9f2e-7221372772ae,2026-03-02T13:46:28Z,okio-fakefilesystem,module,,,,,,,,,,,,,,,0.0,
okio,8a6d4c8b-2e87-4462-9f2e-7221372772ae,2026-03-02T13:46:28Z,okio-nodefilesystem,module,,,,,,,,,,,,,,,0.0,
okio,8a6d4c8b-2e87-4462-9f2e-7221372772ae,2026-03-02T13:46:28Z,okio-testing-support,module,,,,,,,,,,,,,,,0.0,
okio,8a6d4c8b-2e87-4462-9f2e-7221372772ae,2026-03-02T13:46:28Z,okio-wasifilesystem,module,,,,,,,,,,,,,,,0.0,
okio,8a6d4c8b-2e87-4462-9f2e-7221372772ae,2026-03-02T13:46:28Z,samples,module,,,,,,,,,,,,,,,0.0,
retrofit,8a6d4c8b-2e87-4462-9f2e-7221372772ae,2026-03-02T13:43:26Z,gradle,module,,,,,0.0,,,,,,,,,,,
retrofit,8a6d4c8b-2e87-4462-9f2e-7221372772ae,2026-03-02T13:43:26Z,retrofit,module,,,,,2.741573,,,,,,,,,,,
retrofit,8a6d4c8b-2e87-4462-9f2e-7221372772ae,2026-03-02T13:43:26Z,retrofit-adapters,module,,,,,2.064935,,,,,,,,,,,
retrofit,8a6d4c8b-2e87-4462-9f2e-7221372772ae,2026-03-02T13:43:26Z,retrofit-bom,module,,,,,0.0,,,,,,,,,,,
retrofit,8a6d4c8b-2e87-4462-9f2e-7221372772ae,2026-03-02T13:43:26Z,retrofit-converters,module,,,,,1.765625,,,,,,,,,,,
retrofit,8a6d4c8b-2e87-4462-9f2e-7221372772ae,2026-03-02T13:43:26Z,retrofit-mock,module,,,,,1.69863,,,,,,,,,,,
retrofit,8a6d4c8b-2e87-4462-9f2e-7221372772ae,2026-03-02T13:43:26Z,retrofit-response-type-keeper,module,,,,,0.0,,,,,,,,,,,
retrofit,8a6d4c8b-2e87-4462-9f2e-7221372772ae,2026-03-02T13:43:26Z,samples,module,,,,,1.92,,,,,,,,,,,
retrofit,8a6d4c8b-2e87-4462-9f2e-7221372772ae,2026-03-02T13:43:26Z,website,module,,,,,0.0,,,,,,,,,,,
retrofit,8a6d4c8b-2e87-4462-9f2e-7221372772ae,2026-03-02T13:43:34Z,gradle,module,,,,0.0,,,,,,,,,,0.0,,0.0
retrofit,8a6d4c8b-2e87-4462-9f2e-7221372772ae,2026-03-02T13:43:34Z,retrofit,module,,,,2.459184,,,,,,,,,,294.0,,723.0
retrofit,8a6d4c8b-2e87-4462-9f2e-7221372772ae,2026-03-02T13:43:34Z,retrofit-adapters,module,,,,1.378378,,,,,,,,,,703.0,,969.0
retrofit,8a6d4c8b-2e87-4462-9f2e-7221372772ae,2026-03-02T13:43:34Z,retrofit-bom,module,,,,0.0,,,,,,,,,,0.0,,0.0
retrofit,8a6d4c8b-2e87-4462-9f2e-7221372772ae,2026-03-02T13:43:34Z,retrofit-converters,module,,,,1.42671,,,,,,,,,,307.0,,438.0
retrofit,8a6d4c8b-2e87-4462-9f2e-7221372772ae,2026-03-02T13:43:34Z,retrofit-mock,module,,,,1.670886,,,,,,,,,,79.0,,132.0
retrofit,8a6d4c8b-2e87-4462-9f2e-7221372772ae,2026-03-02T13:43:34Z,retrofit-response-type-keeper,module,,,,0.0,,,,,,,,,,0.0,,0.0
retrofit,8a6d4c8b-2e87-4462-9f2e-7221372772ae,2026-03-02T13:43:34Z,samples,module,,,,1.483516,,,,,,,,,,91.0,,135.0
retrofit,8a6d4c8b-2e87-4462-9f2e-7221372772ae,2026-03-02T13:43:34Z,website,module,,,,0.0,,,,,,,,,,0.0,,0.0
retrofit,8a6d4c8b-2e87-4462-9f2e-7221372772ae,2026-03-02T13:44:25Z,gradle,module,,0.0,,,,,0.0,,,0.0,,,,,,
retrofit,8a6d4c8b-2e87-4462-9f2e-7221372772ae,2026-03-02T13:44:25Z,retrofit,module,,1.0,,,,,24.0,,,0.96,,,,,,
retrofit,8a6d4c8b-2e87-4462-9f2e-7221372772ae,2026-03-02T13:44:25Z,retrofit-adapters,module,,0.0,,,,,0.0,,,0.0,,,,,,
retrofit,8a6d4c8b-2e87-4462-9f2e-7221372772ae,2026-03-02T13:44:25Z,retrofit-bom,module,,0.0,,,,,0.0,,,0.0,,,,,,
retrofit,8a6d4c8b-2e87-4462-9f2e-7221372772ae,2026-03-02T13:44:25Z,retrofit-converters,module,,0.0,,,,,0.0,,,0.0,,,,,,
retrofit,8a6d4c8b-2e87-4462-9f2e-7221372772ae,2026-03-02T13:44:25Z,retrofit-mock,module,,0.0,,,,,9.0,,,1.0,,,,,,
retrofit,8a6d4c8b-2e87-4462-9f2e-7221372772ae,2026-03-02T13:44:25Z,retrofit-response-type-keeper,module,,0.0,,,,,13.0,,,1.0,,,,,,
retrofit,8a6d4c8b-2e87-4462-9f2e-7221372772ae,2026-03-02T13:44:25Z,samples,module,,0.0,,,,,15.0,,,1.0,,,,,,
retrofit,8a6d4c8b-2e87-4462-9f2e-7221372772ae,2026-03-02T13:44:25Z,website,module,,0.0,,,,,0.0,,,0.0,,,,,,
retrofit,8a6d4c8b-2e87-4462-9f2e-7221372772ae,2026-03-02T13:44:31Z,gradle,module,0.0,,0.0,,,0.0,,,0.0,,,,,,,
retrofit,8a6d4c8b-2e87-4462-9f2e-7221372772ae,2026-03-02T13:44:31Z,retrofit,module,202.0,,499.0,,,499.0,,,0.71184,,,,,,,
retrofit,8a6d4c8b-2e87-4462-9f2e-7221372772ae,2026-03-02T13:44:31Z,retrofit-adapters,module,343.0,,1577.0,,,1577.0,,,0.821354,,,,,,,
retrofit,8a6d4c8b-2e87-4462-9f2e-7221372772ae,2026-03-02T13:44:31Z,retrofit-bom,module,0.0,,0.0,,,0.0,,,0.0,,,,,,,
retrofit,8a6d4c8b-2e87-4462-9f2e-7221372772ae,2026-03-02T13:44:31Z,retrofit-converters,module,81.0,,700.0,,,700.0,,,0.896287,,,,,,,
retrofit,8a6d4c8b-2e87-4462-9f2e-7221372772ae,2026-03-02T13:44:31Z,retrofit-mock,module,14.0,,70.0,,,70.0,,,0.833333,,,,,,,
retrofit,8a6d4c8b-2e87-4462-9f2e-7221372772ae,2026-03-02T13:44:31Z,retrofit-response-type-keeper,module,0.0,,0.0,,,0.0,,,0.0,,,,,,,
retrofit,8a6d4c8b-2e87-4462-9f2e-7221372772ae,2026-03-02T13:44:31Z,samples,module,3.0,,242.0,,,242.0,,,0.987755,,,,,,,
retrofit,8a6d4c8b-2e87-4462-9f2e-7221372772ae,2026-03-02T13:44:31Z,website,module,0.0,,0.0,,,0.0,,,0.0,,,,,,,
retrofit,8a6d4c8b-2e87-4462-9f2e-7221372772ae,2026-03-02T13:45:23Z,gradle,module,,,,,,,,,,,0.0,,,,,
retrofit,8a6d4c8b-2e87-4462-9f2e-7221372772ae,2026-03-02T13:45:23Z,retrofit,module,,,,,,,,,,,7.210526,,,,,
retrofit,8a6d4c8b-2e87-4462-9f2e-7221372772ae,2026-03-02T13:45:23Z,retrofit-adapters,module,,,,,,,,,,,0.0,,,,,
retrofit,8a6d4c8b-2e87-4462-9f2e-7221372772ae,2026-03-02T13:45:23Z,retrofit-bom,module,,,,,,,,,,,0.0,,,,,
retrofit,8a6d4c8b-2e87-4462-9f2e-7221372772ae,2026-03-02T13:45:23Z,retrofit-converters,module,,,,,,,,,,,0.0,,,,,
retrofit,8a6d4c8b-2e87-4462-9f2e-7221372772ae,2026-03-02T13:45:23Z,retrofit-mock,module,,,,,,,,,,,12.928571,,,,,
retrofit,8a6d4c8b-2e87-4462-9f2e-7221372772ae,2026-03-02T13:45:23Z,retrofit-response-type-keeper,module,,,,,,,,,,,0.0,,,,,
retrofit,8a6d4c8b-2e87-4462-9f2e-7221372772ae,2026-03-02T13:45:23Z,samples,module,,,,,,,,,,,1.0,,,,,
retrofit,8a6d4c8b-2e87-4462-9f2e-7221372772ae,2026-03-02T13:45:23Z,website,module,,,,,,,,,,,0.0,,,,,
retrofit,8a6d4c8b-2e87-4462-9f2e-7221372772ae,2026-03-02T13:45:48Z,gradle,module,,,,,,,,,,,,0.0,,,,
retrofit,8a6d4c8b-2e87-4462-9f2e-7221372772ae,2026-03-02T13:45:48Z,retrofit,module,,,,,,,,,,,,7.106195,,,,
retrofit,8a6d4c8b-2e87-4462-9f2e-7221372772ae,2026-03-02T13:45:48Z,retrofit-adapters,module,,,,,,,,,,,,0.0,,,,
retrofit,8a6d4c8b-2e87-4462-9f2e-7221372772ae,2026-03-02T13:45:48Z,retrofit-bom,module,,,,,,,,,,,,0.0,,,,
retrofit,8a6d4c8b-2e87-4462-9f2e-7221372772ae,2026-03-02T13:45:48Z,retrofit-converters,module,,,,,,,,,,,,0.0,,,,
retrofit,8a6d4c8b-2e87-4462-9f2e-7221372772ae,2026-03-02T13:45:48Z,retrofit-mock,module,,,,,,,,,,,,14.875,,,,
retrofit,8a6d4c8b-2e87-4462-9f2e-7221372772ae,2026-03-02T13:45:48Z,retrofit-response-type-keeper,module,,,,,,,,,,,,10.0,,,,
retrofit,8a6d4c8b-2e87-4462-9f2e-7221372772ae,2026-03-02T13:45:48Z,samples,module,,,,,,,,,,,,4.285714,,,,
retrofit,8a6d4c8b-2e87-4462-9f2e-7221372772ae,2026-03-02T13:45:48Z,website,module,,,,,,,,,,,,0.0,,,,
retrofit,8a6d4c8b-2e87-4462-9f2e-7221372772ae,2026-03-02T13:45:56Z,retrofit,module,,,,,,,,0.1991,,,,,,,,
retrofit,8a6d4c8b-2e87-4462-9f2e-7221372772ae,2026-03-02T13:45:56Z,retrofit-adapters,module,,,,,,,,0.4775,,,,,,,,
retrofit,8a6d4c8b-2e87-4462-9f2e-7221372772ae,2026-03-02T13:45:56Z,retrofit-converters,module,,,,,,,,0.3014,,,,,,,,
retrofit,8a6d4c8b-2e87-4462-9f2e-7221372772ae,2026-03-02T13:45:56Z,retrofit-mock,module,,,,,,,,0.0138,,,,,,,,
retrofit,8a6d4c8b-2e87-4462-9f2e-7221372772ae,2026-03-02T13:45:56Z,samples,module,,,,,,,,0.1066,,,,,,,,
retrofit,8a6d4c8b-2e87-4462-9f2e-7221372772ae,2026-03-02T13:46:22Z,gradle,module,,,,,,,,,,,,,0.0,,,
retrofit,8a6d4c8b-2e87-4462-9f2e-7221372772ae,2026-03-02T13:46:22Z,retrofit,module,,,,,,,,,,,,,47.303591,,,
retrofit,8a6d4c8b-2e87-4462-9f2e-7221372772ae,2026-03-02T13:46:22Z,retrofit-adapters,module,,,,,,,,,,,,,47.226458,,,
retrofit,8a6d4c8b-2e87-4462-9f2e-7221372772ae,2026-03-02T13:46:22Z,retrofit-bom,module,,,,,,,,,,,,,0.0,,,
retrofit,8a6d4c8b-2e87-4462-9f2e-7221372772ae,2026-03-02T13:46:22Z,retrofit-converters,module,,,,,,,,,,,,,53.186567,,,
retrofit,8a6d4c8b-2e87-4462-9f2e-7221372772ae,2026-03-02T13:46:22Z,retrofit-mock,module,,,,,,,,,,,,,41.210531,,,
retrofit,8a6d4c8b-2e87-4462-9f2e-7221372772ae,2026-03-02T13:46:22Z,retrofit-response-type-keeper,module,,,,,,,,,,,,,0.0,,,
retrofit,8a6d4c8b-2e87-4462-9f2e-7221372772ae,2026-03-02T13:46:22Z,samples,module,,,,,,,,,,,,,36.777473,,,
retrofit,8a6d4c8b-2e87-4462-9f2e-7221372772ae,2026-03-02T13:46:22Z,website,module,,,,,,,,,,,,,0.0,,,
retrofit,8a6d4c8b-2e87-4462-9f2e-7221372772ae,2026-03-02T13:46:28Z,gradle,module,,,,,,,,,,,,,,,0.0,
retrofit,8a6d4c8b-2e87-4462-9f2e-7221372772ae,2026-03-02T13:46:28Z,retrofit,module,,,,,,,,,,,,,,,0.0,
retrofit,8a6d4c8b-2e87-4462-9f2e-7221372772ae,2026-03-02T13:46:28Z,retrofit-adapters,module,,,,,,,,,,,,,,,0.0,
retrofit,8a6d4c8b-2e87-4462-9f2e-7221372772ae,2026-03-02T13:46:28Z,retrofit-bom,module,,,,,,,,,,,,,,,0.0,
retrofit,8a6d4c8b-2e87-4462-9f2e-7221372772ae,2026-03-02T13:46:28Z,retrofit-converters,module,,,,,,,,,,,,,,,0.0,
retrofit,8a6d4c8b-2e87-4462-9f2e-7221372772ae,2026-03-02T13:46:28Z,retrofit-mock,module,,,,,,,,,,,,,,,0.0,
retrofit,8a6d4c8b-2e87-4462-9f2e-7221372772ae,2026-03-02T13:46:28Z,retrofit-response-type-keeper,module,,,,,,,,,,,,,,,0.0,
retrofit,8a6d4c8b-2e87-4462-9f2e-7221372772ae,2026-03-02T13:46:28Z,samples,module,,,,,,,,,,,,,,,0.0,
retrofit,8a6d4c8b-2e87-4462-9f2e-7221372772ae,2026-03-02T13:46:28Z,website,module,,,,,,,,,,,,,,,0.0,
spring-framework,8a6d4c8b-2e87-4462-9f2e-7221372772ae,2026-03-02T13:43:26Z,spring-core,module,,,,,2.307313,,,,,,,,,,,
spring-framework,8a6d4c8b-2e87-4462-9f2e-7221372772ae,2026-03-02T13:43:34Z,spring-core,module,,,,2.18949,,,,,,,,,,7098.0,,15541.0
spring-framework,8a6d4c8b-2e87-4462-9f2e-7221372772ae,2026-03-02T13:44:25Z,spring-core,module,,104.0,,,,,366.0,,,0.778723,,,,,,
spring-framework,8a6d4c8b-2e87-4462-9f2e-7221372772ae,2026-03-02T13:44:31Z,spring-core,module,2775.0,,4815.0,,,4815.0,,,0.634387,,,,,,,
spring-framework,8a6d4c8b-2e87-4462-9f2e-7221372772ae,2026-03-02T13:45:23Z,spring-core,module,,,,,,,,,,,40.957692,,,,,
spring-framework,8a6d4c8b-2e87-4462-9f2e-7221372772ae,2026-03-02T13:45:48Z,spring-core,module,,,,,,,,,,,,49.494932,,,,
spring-framework,8a6d4c8b-2e87-4462-9f2e-7221372772ae,2026-03-02T13:45:56Z,spring-core,module,,,,,,,,0.1439,,,,,,,,
spring-framework,8a6d4c8b-2e87-4462-9f2e-7221372772ae,2026-03-02T13:46:22Z,spring-core,module,,,,,,,,,,,,,42.051606,,,
spring-framework,8a6d4c8b-2e87-4462-9f2e-7221372772ae,2026-03-02T13:46:28Z,spring-core,module,,,,,,,,,,,,,,,0.0,
