project,run_id,timestamp_utc,component,component_type,metric,tool,variant,duplicate_count,distinct_values,min_value,max_value,mean_value,tool_versions
retrofit,5899a99c-0676-4d1a-b88e-01577587da32,2026-02-26T14:20:47Z,website/public/2.x/converter-kotlinx-serialization/scripts/main.js::!==@L52,method,cc,lizard,lizard-default,2,2,3.0,8.0,5.5,unknown
retrofit,5899a99c-0676-4d1a-b88e-01577587da32,2026-02-26T14:20:47Z,website/public/2.x/converter-kotlinx-serialization/scripts/main.js::!@L52,method,cc,lizard,lizard-default,4,3,1.0,5.0,2.5,unknown
retrofit,5899a99c-0676-4d1a-b88e-01577587da32,2026-02-26T14:20:47Z,website/public/2.x/converter-kotlinx-serialization/scripts/main.js::$@L14,method,cc,lizard,lizard-default,2,1,3.0,3.0,3.0,unknown
retrofit,5899a99c-0676-4d1a-b88e-01577587da32,2026-02-26T14:20:47Z,website/public/2.x/converter-kotlinx-serialization/scripts/main.js::$@L22,method,cc,lizard,lizard-default,2,2,1.0,6.0,3.5,unknown
retrofit,5899a99c-0676-4d1a-b88e-01577587da32,2026-02-26T14:20:47Z,website/public/2.x/converter-kotlinx-serialization/scripts/main.js::$o@L22,method,cc,lizard,lizard-default,5,2,1.0,2.0,1.2,unknown
retrofit,5899a99c-0676-4d1a-b88e-01577587da32,2026-02-26T14:20:47Z,website/public/2.x/converter-kotlinx-serialization/scripts/main.js::(anonymous)@L1,method,cc,lizard,lizard-default,31,11,1.0,56.0,5.612903,unknown
retrofit,5899a99c-0676-4d1a-b88e-01577587da32,2026-02-26T14:20:47Z,website/public/2.x/converter-kotlinx-serialization/scripts/main.js::(anonymous)@L14,method,cc,lizard,lizard-default,22,6,1.0,34.0,5.045455,unknown
retrofit,5899a99c-0676-4d1a-b88e-01577587da32,2026-02-26T14:20:47Z,website/public/2.x/converter-kotlinx-serialization/scripts/main.js::(anonymous)@L22,method,cc,lizard,lizard-default,50,7,1.0,10.0,1.82,unknown
retrofit,5899a99c-0676-4d1a-b88e-01577587da32,2026-02-26T14:20:47Z,website/public/2.x/converter-kotlinx-serialization/scripts/main.js::(anonymous)@L39,method,cc,lizard,lizard-default,10,3,1.0,11.0,2.2,unknown
retrofit,5899a99c-0676-4d1a-b88e-01577587da32,2026-02-26T14:20:47Z,website/public/2.x/converter-kotlinx-serialization/scripts/main.js::(anonymous)@L47,method,cc,lizard,lizard-default,22,5,1.0,6.0,2.045455,unknown
retrofit,5899a99c-0676-4d1a-b88e-01577587da32,2026-02-26T14:20:47Z,website/public/2.x/converter-kotlinx-serialization/scripts/main.js::(anonymous)@L52,method,cc,lizard,lizard-default,734,19,1.0,22.0,2.366485,unknown
retrofit,5899a99c-0676-4d1a-b88e-01577587da32,2026-02-26T14:20:47Z,website/public/2.x/converter-kotlinx-serialization/scripts/main.js::A@L1,method,cc,lizard,lizard-default,5,2,1.0,37.0,8.2,unknown
retrofit,5899a99c-0676-4d1a-b88e-01577587da32,2026-02-26T14:20:47Z,website/public/2.x/converter-kotlinx-serialization/scripts/main.js::A@L22,method,cc,lizard,lizard-default,2,2,7.0,18.0,12.5,unknown
retrofit,5899a99c-0676-4d1a-b88e-01577587da32,2026-02-26T14:20:47Z,website/public/2.x/converter-kotlinx-serialization/scripts/main.js::A@L52,method,cc,lizard,lizard-default,2,2,4.0,5.0,4.5,unknown
retrofit,5899a99c-0676-4d1a-b88e-01577587da32,2026-02-26T14:20:47Z,website/public/2.x/converter-kotlinx-serialization/scripts/main.js::Ai@L52,method,cc,lizard,lizard-default,2,2,1.0,2.0,1.5,unknown
retrofit,5899a99c-0676-4d1a-b88e-01577587da32,2026-02-26T14:20:47Z,website/public/2.x/converter-kotlinx-serialization/scripts/main.js::Ao@L52,method,cc,lizard,lizard-default,2,1,2.0,2.0,2.0,unknown
retrofit,5899a99c-0676-4d1a-b88e-01577587da32,2026-02-26T14:20:47Z,website/public/2.x/converter-kotlinx-serialization/scripts/main.js::Bn@L52,method,cc,lizard,lizard-default,2,2,1.0,2.0,1.5,unknown
retrofit,5899a99c-0676-4d1a-b88e-01577587da32,2026-02-26T14:20:47Z,website/public/2.x/converter-kotlinx-serialization/scripts/main.js::Bt@L52,method,cc,lizard,lizard-default,3,3,1.0,5.0,3.0,unknown
retrofit,5899a99c-0676-4d1a-b88e-01577587da32,2026-02-26T14:20:47Z,website/public/2.x/converter-kotlinx-serialization/scripts/main.js::C@L52,method,cc,lizard,lizard-default,2,2,1.0,7.0,4.0,unknown
retrofit,5899a99c-0676-4d1a-b88e-01577587da32,2026-02-26T14:20:47Z,website/public/2.x/converter-kotlinx-serialization/scripts/main.js::Cc@L52,method,cc,lizard,lizard-default,2,2,1.0,2.0,1.5,unknown
retrofit,5899a99c-0676-4d1a-b88e-01577587da32,2026-02-26T14:20:47Z,website/public/2.x/converter-kotlinx-serialization/scripts/main.js::Cr@L52,method,cc,lizard,lizard-default,2,2,2.0,4.0,3.0,unknown
retrofit,5899a99c-0676-4d1a-b88e-01577587da32,2026-02-26T14:20:47Z,website/public/2.x/converter-kotlinx-serialization/scripts/main.js::Da@L52,method,cc,lizard,lizard-default,3,3,1.0,5.0,3.0,unknown
retrofit,5899a99c-0676-4d1a-b88e-01577587da32,2026-02-26T14:20:47Z,website/public/2.x/converter-kotlinx-serialization/scripts/main.js::Dc@L52,method,cc,lizard,lizard-default,2,1,2.0,2.0,2.0,unknown
retrofit,5899a99c-0676-4d1a-b88e-01577587da32,2026-02-26T14:20:47Z,website/public/2.x/converter-kotlinx-serialization/scripts/main.js::Di@L52,method,cc,lizard,lizard-default,2,2,2.0,4.0,3.0,unknown
retrofit,5899a99c-0676-4d1a-b88e-01577587da32,2026-02-26T14:20:47Z,website/public/2.x/converter-kotlinx-serialization/scripts/main.js::Dl@L52,method,cc,lizard,lizard-default,2,2,1.0,2.0,1.5,unknown
retrofit,5899a99c-0676-4d1a-b88e-01577587da32,2026-02-26T14:20:47Z,website/public/2.x/converter-kotlinx-serialization/scripts/main.js::Do@L52,method,cc,lizard,lizard-default,3,3,1.0,5.0,3.333333,unknown
retrofit,5899a99c-0676-4d1a-b88e-01577587da32,2026-02-26T14:20:47Z,website/public/2.x/converter-kotlinx-serialization/scripts/main.js::E@L52,method,cc,lizard,lizard-default,3,3,1.0,7.0,4.333333,unknown
retrofit,5899a99c-0676-4d1a-b88e-01577587da32,2026-02-26T14:20:47Z,website/public/2.x/converter-kotlinx-serialization/scripts/main.js::Ea@L52,method,cc,lizard,lizard-default,2,2,1.0,2.0,1.5,unknown
retrofit,5899a99c-0676-4d1a-b88e-01577587da32,2026-02-26T14:20:47Z,website/public/2.x/converter-kotlinx-serialization/scripts/main.js::Ec@L52,method,cc,lizard,lizard-default,2,1,2.0,2.0,2.0,unknown
retrofit,5899a99c-0676-4d1a-b88e-01577587da32,2026-02-26T14:20:47Z,website/public/2.x/converter-kotlinx-serialization/scripts/main.js::Eo@L52,method,cc,lizard,lizard-default,3,3,1.0,5.0,3.0,unknown
retrofit,5899a99c-0676-4d1a-b88e-01577587da32,2026-02-26T14:20:47Z,website/public/2.x/converter-kotlinx-serialization/scripts/main.js::Er@L52,method,cc,lizard,lizard-default,3,3,1.0,5.0,3.0,unknown
retrofit,5899a99c-0676-4d1a-b88e-01577587da32,2026-02-26T14:20:47Z,website/public/2.x/converter-kotlinx-serialization/scripts/main.js::Error@L22,method,cc,lizard,lizard-default,2,2,1.0,7.0,4.0,unknown
retrofit,5899a99c-0676-4d1a-b88e-01577587da32,2026-02-26T14:20:47Z,website/public/2.x/converter-kotlinx-serialization/scripts/main.js::Fl@L52,method,cc,lizard,lizard-default,3,1,1.0,1.0,1.0,unknown
retrofit,5899a99c-0676-4d1a-b88e-01577587da32,2026-02-26T14:20:47Z,website/public/2.x/converter-kotlinx-serialization/scripts/main.js::Fo@L52,method,cc,lizard,lizard-default,2,1,2.0,2.0,2.0,unknown
retrofit,5899a99c-0676-4d1a-b88e-01577587da32,2026-02-26T14:20:47Z,website/public/2.x/converter-kotlinx-serialization/scripts/main.js::Fr@L52,method,cc,lizard,lizard-default,2,2,1.0,2.0,1.5,unknown
retrofit,5899a99c-0676-4d1a-b88e-01577587da32,2026-02-26T14:20:47Z,website/public/2.x/converter-kotlinx-serialization/scripts/main.js::Ft@L52,method,cc,lizard,lizard-default,2,2,1.0,2.0,1.5,unknown
retrofit,5899a99c-0676-4d1a-b88e-01577587da32,2026-02-26T14:20:47Z,website/public/2.x/converter-kotlinx-serialization/scripts/main.js::Fu@L52,method,cc,lizard,lizard-default,2,2,2.0,4.0,3.0,unknown
retrofit,5899a99c-0676-4d1a-b88e-01577587da32,2026-02-26T14:20:47Z,website/public/2.x/converter-kotlinx-serialization/scripts/main.js::Gc@L52,method,cc,lizard,lizard-default,2,1,2.0,2.0,2.0,unknown
retrofit,5899a99c-0676-4d1a-b88e-01577587da32,2026-02-26T14:20:47Z,website/public/2.x/converter-kotlinx-serialization/scripts/main.js::Gl@L52,method,cc,lizard,lizard-default,2,2,1.0,2.0,1.5,unknown
retrofit,5899a99c-0676-4d1a-b88e-01577587da32,2026-02-26T14:20:47Z,website/public/2.x/converter-kotlinx-serialization/scripts/main.js::Gn@L52,method,cc,lizard,lizard-default,2,2,1.0,2.0,1.5,unknown
retrofit,5899a99c-0676-4d1a-b88e-01577587da32,2026-02-26T14:20:47Z,website/public/2.x/converter-kotlinx-serialization/scripts/main.js::Gu@L52,method,cc,lizard,lizard-default,2,2,1.0,2.0,1.5,unknown
retrofit,5899a99c-0676-4d1a-b88e-01577587da32,2026-02-26T14:20:47Z,website/public/2.x/converter-kotlinx-serialization/scripts/main.js::He@L52,method,cc,lizard,lizard-default,3,3,1.0,5.0,3.0,unknown
retrofit,5899a99c-0676-4d1a-b88e-01577587da32,2026-02-26T14:20:47Z,website/public/2.x/converter-kotlinx-serialization/scripts/main.js::Hi@L52,method,cc,lizard,lizard-default,2,2,1.0,2.0,1.5,unknown
retrofit,5899a99c-0676-4d1a-b88e-01577587da32,2026-02-26T14:20:47Z,website/public/2.x/converter-kotlinx-serialization/scripts/main.js::Hn@L52,method,cc,lizard,lizard-default,2,2,1.0,2.0,1.5,unknown
retrofit,5899a99c-0676-4d1a-b88e-01577587da32,2026-02-26T14:20:47Z,website/public/2.x/converter-kotlinx-serialization/scripts/main.js::Hu@L52,method,cc,lizard,lizard-default,2,2,1.0,2.0,1.5,unknown
retrofit,5899a99c-0676-4d1a-b88e-01577587da32,2026-02-26T14:20:47Z,website/public/2.x/converter-kotlinx-serialization/scripts/main.js::Io@L52,method,cc,lizard,lizard-default,3,3,1.0,5.0,3.0,unknown
retrofit,5899a99c-0676-4d1a-b88e-01577587da32,2026-02-26T14:20:47Z,website/public/2.x/converter-kotlinx-serialization/scripts/main.js::It@L52,method,cc,lizard,lizard-default,2,2,2.0,4.0,3.0,unknown
retrofit,5899a99c-0676-4d1a-b88e-01577587da32,2026-02-26T14:20:47Z,website/public/2.x/converter-kotlinx-serialization/scripts/main.js::Jn@L52,method,cc,lizard,lizard-default,3,3,1.0,5.0,3.0,unknown
retrofit,5899a99c-0676-4d1a-b88e-01577587da32,2026-02-26T14:20:47Z,website/public/2.x/converter-kotlinx-serialization/scripts/main.js::Jr@L52,method,cc,lizard,lizard-default,2,1,2.0,2.0,2.0,unknown
retrofit,5899a99c-0676-4d1a-b88e-01577587da32,2026-02-26T14:20:47Z,website/public/2.x/converter-kotlinx-serialization/scripts/main.js::Jt@L52,method,cc,lizard,lizard-default,2,2,2.0,4.0,3.0,unknown
retrofit,5899a99c-0676-4d1a-b88e-01577587da32,2026-02-26T14:20:47Z,website/public/2.x/converter-kotlinx-serialization/scripts/main.js::Ka@L52,method,cc,lizard,lizard-default,2,2,1.0,2.0,1.5,unknown
retrofit,5899a99c-0676-4d1a-b88e-01577587da32,2026-02-26T14:20:47Z,website/public/2.x/converter-kotlinx-serialization/scripts/main.js::Kr@L52,method,cc,lizard,lizard-default,3,3,1.0,5.0,3.0,unknown
retrofit,5899a99c-0676-4d1a-b88e-01577587da32,2026-02-26T14:20:47Z,website/public/2.x/converter-kotlinx-serialization/scripts/main.js::Lc@L52,method,cc,lizard,lizard-default,3,3,1.0,5.0,3.0,unknown
retrofit,5899a99c-0676-4d1a-b88e-01577587da32,2026-02-26T14:20:47Z,website/public/2.x/converter-kotlinx-serialization/scripts/main.js::Li@L52,method,cc,lizard,lizard-default,2,2,1.0,2.0,1.5,unknown
retrofit,5899a99c-0676-4d1a-b88e-01577587da32,2026-02-26T14:20:47Z,website/public/2.x/converter-kotlinx-serialization/scripts/main.js::Ll@L52,method,cc,lizard,lizard-default,2,2,2.0,4.0,3.0,unknown
retrofit,5899a99c-0676-4d1a-b88e-01577587da32,2026-02-26T14:20:47Z,website/public/2.x/converter-kotlinx-serialization/scripts/main.js::Lo@L52,method,cc,lizard,lizard-default,2,2,1.0,2.0,1.5,unknown
retrofit,5899a99c-0676-4d1a-b88e-01577587da32,2026-02-26T14:20:47Z,website/public/2.x/converter-kotlinx-serialization/scripts/main.js::Lt@L52,method,cc,lizard,lizard-default,2,2,1.0,2.0,1.5,unknown
retrofit,5899a99c-0676-4d1a-b88e-01577587da32,2026-02-26T14:20:47Z,website/public/2.x/converter-kotlinx-serialization/scripts/main.js::Ma@L22,method,cc,lizard,lizard-default,2,2,2.0,11.0,6.5,unknown
retrofit,5899a99c-0676-4d1a-b88e-01577587da32,2026-02-26T14:20:47Z,website/public/2.x/converter-kotlinx-serialization/scripts/main.js::Ma@L52,method,cc,lizard,lizard-default,3,2,1.0,2.0,1.333333,unknown
retrofit,5899a99c-0676-4d1a-b88e-01577587da32,2026-02-26T14:20:47Z,website/public/2.x/converter-kotlinx-serialization/scripts/main.js::Math.min@L52,method,cc,lizard,lizard-default,2,1,1.0,1.0,1.0,unknown
retrofit,5899a99c-0676-4d1a-b88e-01577587da32,2026-02-26T14:20:47Z,website/public/2.x/converter-kotlinx-serialization/scripts/main.js::Mn@L52,method,cc,lizard,lizard-default,2,2,2.0,4.0,3.0,unknown
retrofit,5899a99c-0676-4d1a-b88e-01577587da32,2026-02-26T14:20:47Z,website/public/2.x/converter-kotlinx-serialization/scripts/main.js::Mr@L22,method,cc,lizard,lizard-default,3,3,2.0,61.0,22.666667,unknown
retrofit,5899a99c-0676-4d1a-b88e-01577587da32,2026-02-26T14:20:47Z,website/public/2.x/converter-kotlinx-serialization/scripts/main.js::Mr@L52,method,cc,lizard,lizard-default,2,2,1.0,2.0,1.5,unknown
retrofit,5899a99c-0676-4d1a-b88e-01577587da32,2026-02-26T14:20:47Z,website/public/2.x/converter-kotlinx-serialization/scripts/main.js::Mt@L52,method,cc,lizard,lizard-default,2,2,1.0,2.0,1.5,unknown
retrofit,5899a99c-0676-4d1a-b88e-01577587da32,2026-02-26T14:20:47Z,website/public/2.x/converter-kotlinx-serialization/scripts/main.js::Ne@L22,method,cc,lizard,lizard-default,4,2,1.0,3.0,1.5,unknown
retrofit,5899a99c-0676-4d1a-b88e-01577587da32,2026-02-26T14:20:47Z,website/public/2.x/converter-kotlinx-serialization/scripts/main.js::No@L52,method,cc,lizard,lizard-default,2,2,1.0,2.0,1.5,unknown
retrofit,5899a99c-0676-4d1a-b88e-01577587da32,2026-02-26T14:20:47Z,website/public/2.x/converter-kotlinx-serialization/scripts/main.js::Nr@L52,method,cc,lizard,lizard-default,2,1,2.0,2.0,2.0,unknown
retrofit,5899a99c-0676-4d1a-b88e-01577587da32,2026-02-26T14:20:47Z,website/public/2.x/converter-kotlinx-serialization/scripts/main.js::Nt@L52,method,cc,lizard,lizard-default,2,1,2.0,2.0,2.0,unknown
retrofit,5899a99c-0676-4d1a-b88e-01577587da32,2026-02-26T14:20:47Z,website/public/2.x/converter-kotlinx-serialization/scripts/main.js::Nu@L52,method,cc,lizard,lizard-default,3,3,1.0,5.0,3.0,unknown
retrofit,5899a99c-0676-4d1a-b88e-01577587da32,2026-02-26T14:20:47Z,website/public/2.x/converter-kotlinx-serialization/scripts/main.js::Oi@L52,method,cc,lizard,lizard-default,2,2,2.0,4.0,3.0,unknown
retrofit,5899a99c-0676-4d1a-b88e-01577587da32,2026-02-26T14:20:47Z,website/public/2.x/converter-kotlinx-serialization/scripts/main.js::On@L52,method,cc,lizard,lizard-default,2,1,2.0,2.0,2.0,unknown
retrofit,5899a99c-0676-4d1a-b88e-01577587da32,2026-02-26T14:20:47Z,website/public/2.x/converter-kotlinx-serialization/scripts/main.js::Ou@L52,method,cc,lizard,lizard-default,2,2,2.0,4.0,3.0,unknown
retrofit,5899a99c-0676-4d1a-b88e-01577587da32,2026-02-26T14:20:47Z,website/public/2.x/converter-kotlinx-serialization/scripts/main.js::P@L52,method,cc,lizard,lizard-default,2,2,2.0,5.0,3.5,unknown
retrofit,5899a99c-0676-4d1a-b88e-01577587da32,2026-02-26T14:20:47Z,website/public/2.x/converter-kotlinx-serialization/scripts/main.js::Pc@L52,method,cc,lizard,lizard-default,2,2,2.0,4.0,3.0,unknown
retrofit,5899a99c-0676-4d1a-b88e-01577587da32,2026-02-26T14:20:47Z,website/public/2.x/converter-kotlinx-serialization/scripts/main.js::Pe@L52,method,cc,lizard,lizard-default,3,3,1.0,5.0,3.0,unknown
retrofit,5899a99c-0676-4d1a-b88e-01577587da32,2026-02-26T14:20:47Z,website/public/2.x/converter-kotlinx-serialization/scripts/main.js::Qa@L52,method,cc,lizard,lizard-default,2,1,2.0,2.0,2.0,unknown
retrofit,5899a99c-0676-4d1a-b88e-01577587da32,2026-02-26T14:20:47Z,website/public/2.x/converter-kotlinx-serialization/scripts/main.js::Qu@L52,method,cc,lizard,lizard-default,2,2,2.0,4.0,3.0,unknown
retrofit,5899a99c-0676-4d1a-b88e-01577587da32,2026-02-26T14:20:47Z,website/public/2.x/converter-kotlinx-serialization/scripts/main.js::Ra@L52,method,cc,lizard,lizard-default,2,2,2.0,4.0,3.0,unknown
retrofit,5899a99c-0676-4d1a-b88e-01577587da32,2026-02-26T14:20:47Z,website/public/2.x/converter-kotlinx-serialization/scripts/main.js::Rc@L52,method,cc,lizard,lizard-default,2,2,1.0,2.0,1.5,unknown
retrofit,5899a99c-0676-4d1a-b88e-01577587da32,2026-02-26T14:20:47Z,website/public/2.x/converter-kotlinx-serialization/scripts/main.js::Re@L52,method,cc,lizard,lizard-default,6,3,1.0,3.0,1.833333,unknown
retrofit,5899a99c-0676-4d1a-b88e-01577587da32,2026-02-26T14:20:47Z,website/public/2.x/converter-kotlinx-serialization/scripts/main.js::Rn@L52,method,cc,lizard,lizard-default,3,3,1.0,5.0,3.0,unknown
retrofit,5899a99c-0676-4d1a-b88e-01577587da32,2026-02-26T14:20:47Z,website/public/2.x/converter-kotlinx-serialization/scripts/main.js::S@L52,method,cc,lizard,lizard-default,2,2,3.0,4.0,3.5,unknown
retrofit,5899a99c-0676-4d1a-b88e-01577587da32,2026-02-26T14:20:47Z,website/public/2.x/converter-kotlinx-serialization/scripts/main.js::So@L52,method,cc,lizard,lizard-default,2,2,1.0,2.0,1.5,unknown
retrofit,5899a99c-0676-4d1a-b88e-01577587da32,2026-02-26T14:20:47Z,website/public/2.x/converter-kotlinx-serialization/scripts/main.js::Sr@L52,method,cc,lizard,lizard-default,2,1,2.0,2.0,2.0,unknown
retrofit,5899a99c-0676-4d1a-b88e-01577587da32,2026-02-26T14:20:47Z,website/public/2.x/converter-kotlinx-serialization/scripts/main.js::T@L52,method,cc,lizard,lizard-default,6,4,1.0,9.0,5.5,unknown
retrofit,5899a99c-0676-4d1a-b88e-01577587da32,2026-02-26T14:20:47Z,website/public/2.x/converter-kotlinx-serialization/scripts/main.js::Tc@L52,method,cc,lizard,lizard-default,3,3,1.0,5.0,3.0,unknown
retrofit,5899a99c-0676-4d1a-b88e-01577587da32,2026-02-26T14:20:47Z,website/public/2.x/converter-kotlinx-serialization/scripts/main.js::Tl@L52,method,cc,lizard,lizard-default,3,3,1.0,5.0,3.0,unknown
retrofit,5899a99c-0676-4d1a-b88e-01577587da32,2026-02-26T14:20:47Z,website/public/2.x/converter-kotlinx-serialization/scripts/main.js::Ui@L52,method,cc,lizard,lizard-default,2,1,2.0,2.0,2.0,unknown
retrofit,5899a99c-0676-4d1a-b88e-01577587da32,2026-02-26T14:20:47Z,website/public/2.x/converter-kotlinx-serialization/scripts/main.js::Ul@L52,method,cc,lizard,lizard-default,3,3,1.0,5.0,3.0,unknown
retrofit,5899a99c-0676-4d1a-b88e-01577587da32,2026-02-26T14:20:47Z,website/public/2.x/converter-kotlinx-serialization/scripts/main.js::Ut@L52,method,cc,lizard,lizard-default,2,2,1.0,2.0,1.5,unknown
retrofit,5899a99c-0676-4d1a-b88e-01577587da32,2026-02-26T14:20:47Z,website/public/2.x/converter-kotlinx-serialization/scripts/main.js::W@L14,method,cc,lizard,lizard-default,2,2,1.0,4.0,2.5,unknown
retrofit,5899a99c-0676-4d1a-b88e-01577587da32,2026-02-26T14:20:47Z,website/public/2.x/converter-kotlinx-serialization/scripts/main.js::W@L52,method,cc,lizard,lizard-default,2,2,4.0,5.0,4.5,unknown
retrofit,5899a99c-0676-4d1a-b88e-01577587da32,2026-02-26T14:20:47Z,website/public/2.x/converter-kotlinx-serialization/scripts/main.js::Wa@L52,method,cc,lizard,lizard-default,2,1,1.0,1.0,1.0,unknown
retrofit,5899a99c-0676-4d1a-b88e-01577587da32,2026-02-26T14:20:47Z,website/public/2.x/converter-kotlinx-serialization/scripts/main.js::Wc@L52,method,cc,lizard,lizard-default,2,2,1.0,2.0,1.5,unknown
retrofit,5899a99c-0676-4d1a-b88e-01577587da32,2026-02-26T14:20:47Z,website/public/2.x/converter-kotlinx-serialization/scripts/main.js::Wn@L52,method,cc,lizard,lizard-default,2,1,2.0,2.0,2.0,unknown
retrofit,5899a99c-0676-4d1a-b88e-01577587da32,2026-02-26T14:20:47Z,website/public/2.x/converter-kotlinx-serialization/scripts/main.js::Wu@L52,method,cc,lizard,lizard-default,2,1,2.0,2.0,2.0,unknown
retrofit,5899a99c-0676-4d1a-b88e-01577587da32,2026-02-26T14:20:47Z,website/public/2.x/converter-kotlinx-serialization/scripts/main.js::Xa@L52,method,cc,lizard,lizard-default,2,2,1.0,2.0,1.5,unknown
retrofit,5899a99c-0676-4d1a-b88e-01577587da32,2026-02-26T14:20:47Z,website/public/2.x/converter-kotlinx-serialization/scripts/main.js::Xl@L52,method,cc,lizard,lizard-default,3,3,1.0,5.0,3.0,unknown
retrofit,5899a99c-0676-4d1a-b88e-01577587da32,2026-02-26T14:20:47Z,website/public/2.x/converter-kotlinx-serialization/scripts/main.js::Xt@L52,method,cc,lizard,lizard-default,3,3,1.0,5.0,3.0,unknown
retrofit,5899a99c-0676-4d1a-b88e-01577587da32,2026-02-26T14:20:47Z,website/public/2.x/converter-kotlinx-serialization/scripts/main.js::Ya@L52,method,cc,lizard,lizard-default,3,3,1.0,5.0,3.0,unknown
retrofit,5899a99c-0676-4d1a-b88e-01577587da32,2026-02-26T14:20:47Z,website/public/2.x/converter-kotlinx-serialization/scripts/main.js::Yc@L52,method,cc,lizard,lizard-default,2,2,1.0,2.0,1.5,unknown
retrofit,5899a99c-0676-4d1a-b88e-01577587da32,2026-02-26T14:20:47Z,website/public/2.x/converter-kotlinx-serialization/scripts/main.js::Yl@L52,method,cc,lizard,lizard-default,2,1,2.0,2.0,2.0,unknown
retrofit,5899a99c-0676-4d1a-b88e-01577587da32,2026-02-26T14:20:47Z,website/public/2.x/converter-kotlinx-serialization/scripts/main.js::Yu@L52,method,cc,lizard,lizard-default,2,2,1.0,2.0,1.5,unknown
retrofit,5899a99c-0676-4d1a-b88e-01577587da32,2026-02-26T14:20:47Z,website/public/2.x/converter-kotlinx-serialization/scripts/main.js::Zi@L52,method,cc,lizard,lizard-default,3,3,1.0,5.0,3.0,unknown
retrofit,5899a99c-0676-4d1a-b88e-01577587da32,2026-02-26T14:20:47Z,website/public/2.x/converter-kotlinx-serialization/scripts/main.js::Zl@L52,method,cc,lizard,lizard-default,2,2,2.0,4.0,3.0,unknown
retrofit,5899a99c-0676-4d1a-b88e-01577587da32,2026-02-26T14:20:47Z,website/public/2.x/converter-kotlinx-serialization/scripts/main.js::Zn@L52,method,cc,lizard,lizard-default,4,2,1.0,2.0,1.25,unknown
retrofit,5899a99c-0676-4d1a-b88e-01577587da32,2026-02-26T14:20:47Z,website/public/2.x/converter-kotlinx-serialization/scripts/main.js::Zr@L52,method,cc,lizard,lizard-default,2,2,1.0,2.0,1.5,unknown
retrofit,5899a99c-0676-4d1a-b88e-01577587da32,2026-02-26T14:20:47Z,website/public/2.x/converter-kotlinx-serialization/scripts/main.js::]@L52,method,cc,lizard,lizard-default,6,2,1.0,3.0,1.333333,unknown
retrofit,5899a99c-0676-4d1a-b88e-01577587da32,2026-02-26T14:20:47Z,website/public/2.x/converter-kotlinx-serialization/scripts/main.js::_@L52,method,cc,lizard,lizard-default,2,2,1.0,3.0,2.0,unknown
retrofit,5899a99c-0676-4d1a-b88e-01577587da32,2026-02-26T14:20:47Z,website/public/2.x/converter-kotlinx-serialization/scripts/main.js::_l@L52,method,cc,lizard,lizard-default,2,1,2.0,2.0,2.0,unknown
retrofit,5899a99c-0676-4d1a-b88e-01577587da32,2026-02-26T14:20:47Z,website/public/2.x/converter-kotlinx-serialization/scripts/main.js::_n@L52,method,cc,lizard,lizard-default,2,2,2.0,4.0,3.0,unknown
retrofit,5899a99c-0676-4d1a-b88e-01577587da32,2026-02-26T14:20:47Z,website/public/2.x/converter-kotlinx-serialization/scripts/main.js::_o@L52,method,cc,lizard,lizard-default,2,2,1.0,2.0,1.5,unknown
retrofit,5899a99c-0676-4d1a-b88e-01577587da32,2026-02-26T14:20:47Z,website/public/2.x/converter-kotlinx-serialization/scripts/main.js::_u@L52,method,cc,lizard,lizard-default,2,2,3.0,5.0,4.0,unknown
retrofit,5899a99c-0676-4d1a-b88e-01577587da32,2026-02-26T14:20:47Z,website/public/2.x/converter-kotlinx-serialization/scripts/main.js::a@L1,method,cc,lizard,lizard-default,4,4,1.0,7.0,3.25,unknown
retrofit,5899a99c-0676-4d1a-b88e-01577587da32,2026-02-26T14:20:47Z,website/public/2.x/converter-kotlinx-serialization/scripts/main.js::a@L52,method,cc,lizard,lizard-default,9,5,1.0,6.0,2.888889,unknown
retrofit,5899a99c-0676-4d1a-b88e-01577587da32,2026-02-26T14:20:47Z,website/public/2.x/converter-kotlinx-serialization/scripts/main.js::add@L52,method,cc,lizard,lizard-default,2,2,1.0,2.0,1.5,unknown
retrofit,5899a99c-0676-4d1a-b88e-01577587da32,2026-02-26T14:20:47Z,website/public/2.x/converter-kotlinx-serialization/scripts/main.js::ae@L52,method,cc,lizard,lizard-default,2,1,4.0,4.0,4.0,unknown
retrofit,5899a99c-0676-4d1a-b88e-01577587da32,2026-02-26T14:20:47Z,website/public/2.x/converter-kotlinx-serialization/scripts/main.js::ar@L52,method,cc,lizard,lizard-default,2,2,2.0,4.0,3.0,unknown
retrofit,5899a99c-0676-4d1a-b88e-01577587da32,2026-02-26T14:20:47Z,website/public/2.x/converter-kotlinx-serialization/scripts/main.js::au@L52,method,cc,lizard,lizard-default,2,1,2.0,2.0,2.0,unknown
retrofit,5899a99c-0676-4d1a-b88e-01577587da32,2026-02-26T14:20:47Z,website/public/2.x/converter-kotlinx-serialization/scripts/main.js::b@L52,method,cc,lizard,lizard-default,8,5,1.0,23.0,5.0,unknown
retrofit,5899a99c-0676-4d1a-b88e-01577587da32,2026-02-26T14:20:47Z,website/public/2.x/converter-kotlinx-serialization/scripts/main.js::bc@L52,method,cc,lizard,lizard-default,2,2,2.0,4.0,3.0,unknown
retrofit,5899a99c-0676-4d1a-b88e-01577587da32,2026-02-26T14:20:47Z,website/public/2.x/converter-kotlinx-serialization/scripts/main.js::bo@L52,method,cc,lizard,lizard-default,2,2,1.0,2.0,1.5,unknown
retrofit,5899a99c-0676-4d1a-b88e-01577587da32,2026-02-26T14:20:47Z,website/public/2.x/converter-kotlinx-serialization/scripts/main.js::c@L52,method,cc,lizard,lizard-default,13,4,1.0,6.0,3.153846,unknown
retrofit,5899a99c-0676-4d1a-b88e-01577587da32,2026-02-26T14:20:47Z,website/public/2.x/converter-kotlinx-serialization/scripts/main.js::cc@L52,method,cc,lizard,lizard-default,3,3,1.0,5.0,3.0,unknown
retrofit,5899a99c-0676-4d1a-b88e-01577587da32,2026-02-26T14:20:47Z,website/public/2.x/converter-kotlinx-serialization/scripts/main.js::ce@L52,method,cc,lizard,lizard-default,2,2,2.0,4.0,3.0,unknown
retrofit,5899a99c-0676-4d1a-b88e-01577587da32,2026-02-26T14:20:47Z,website/public/2.x/converter-kotlinx-serialization/scripts/main.js::cellSizeGetter@L52,method,cc,lizard,lizard-default,2,1,1.0,1.0,1.0,unknown
retrofit,5899a99c-0676-4d1a-b88e-01577587da32,2026-02-26T14:20:47Z,website/public/2.x/converter-kotlinx-serialization/scripts/main.js::children@L52,method,cc,lizard,lizard-default,4,1,1.0,1.0,1.0,unknown
retrofit,5899a99c-0676-4d1a-b88e-01577587da32,2026-02-26T14:20:47Z,website/public/2.x/converter-kotlinx-serialization/scripts/main.js::co@L52,method,cc,lizard,lizard-default,2,2,1.0,2.0,1.5,unknown
retrofit,5899a99c-0676-4d1a-b88e-01577587da32,2026-02-26T14:20:47Z,website/public/2.x/converter-kotlinx-serialization/scripts/main.js::computeMetadataCallback@L52,method,cc,lizard,lizard-default,2,1,1.0,1.0,1.0,unknown
retrofit,5899a99c-0676-4d1a-b88e-01577587da32,2026-02-26T14:20:47Z,website/public/2.x/converter-kotlinx-serialization/scripts/main.js::cs@L52,method,cc,lizard,lizard-default,2,2,2.0,4.0,3.0,unknown
retrofit,5899a99c-0676-4d1a-b88e-01577587da32,2026-02-26T14:20:47Z,website/public/2.x/converter-kotlinx-serialization/scripts/main.js::ct@L52,method,cc,lizard,lizard-default,2,2,1.0,2.0,1.5,unknown
retrofit,5899a99c-0676-4d1a-b88e-01577587da32,2026-02-26T14:20:47Z,website/public/2.x/converter-kotlinx-serialization/scripts/main.js::d@L52,method,cc,lizard,lizard-default,2,2,1.0,3.0,2.0,unknown
retrofit,5899a99c-0676-4d1a-b88e-01577587da32,2026-02-26T14:20:47Z,website/public/2.x/converter-kotlinx-serialization/scripts/main.js::de@L52,method,cc,lizard,lizard-default,2,1,1.0,1.0,1.0,unknown
retrofit,5899a99c-0676-4d1a-b88e-01577587da32,2026-02-26T14:20:47Z,website/public/2.x/converter-kotlinx-serialization/scripts/main.js::default@L1,method,cc,lizard,lizard-default,38,1,1.0,1.0,1.0,unknown
retrofit,5899a99c-0676-4d1a-b88e-01577587da32,2026-02-26T14:20:47Z,website/public/2.x/converter-kotlinx-serialization/scripts/main.js::delete@L52,method,cc,lizard,lizard-default,4,3,2.0,7.0,4.75,unknown
retrofit,5899a99c-0676-4d1a-b88e-01577587da32,2026-02-26T14:20:47Z,website/public/2.x/converter-kotlinx-serialization/scripts/main.js::di@L52,method,cc,lizard,lizard-default,2,2,2.0,4.0,3.0,unknown
retrofit,5899a99c-0676-4d1a-b88e-01577587da32,2026-02-26T14:20:47Z,website/public/2.x/converter-kotlinx-serialization/scripts/main.js::du@L52,method,cc,lizard,lizard-default,2,1,1.0,1.0,1.0,unknown
retrofit,5899a99c-0676-4d1a-b88e-01577587da32,2026-02-26T14:20:47Z,website/public/2.x/converter-kotlinx-serialization/scripts/main.js::e._getSelectedIndex@L52,method,cc,lizard,lizard-default,3,2,1.0,5.0,2.333333,unknown
retrofit,5899a99c-0676-4d1a-b88e-01577587da32,2026-02-26T14:20:47Z,website/public/2.x/converter-kotlinx-serialization/scripts/main.js::e.exec@L52,method,cc,lizard,lizard-default,2,1,1.0,1.0,1.0,unknown
retrofit,5899a99c-0676-4d1a-b88e-01577587da32,2026-02-26T14:20:47Z,website/public/2.x/converter-kotlinx-serialization/scripts/main.js::e.exports@L1,method,cc,lizard,lizard-default,72,14,1.0,33.0,4.75,unknown
retrofit,5899a99c-0676-4d1a-b88e-01577587da32,2026-02-26T14:20:47Z,website/public/2.x/converter-kotlinx-serialization/scripts/main.js::e.exports@L14,method,cc,lizard,lizard-default,10,7,1.0,11.0,4.5,unknown
retrofit,5899a99c-0676-4d1a-b88e-01577587da32,2026-02-26T14:20:47Z,website/public/2.x/converter-kotlinx-serialization/scripts/main.js::e.exports@L39,method,cc,lizard,lizard-default,2,2,5.0,8.0,6.5,unknown
retrofit,5899a99c-0676-4d1a-b88e-01577587da32,2026-02-26T14:20:47Z,website/public/2.x/converter-kotlinx-serialization/scripts/main.js::e.exports@L47,method,cc,lizard,lizard-default,9,7,1.0,17.0,6.0,unknown
retrofit,5899a99c-0676-4d1a-b88e-01577587da32,2026-02-26T14:20:47Z,website/public/2.x/converter-kotlinx-serialization/scripts/main.js::e.exports@L52,method,cc,lizard,lizard-default,108,14,1.0,22.0,3.564815,unknown
retrofit,5899a99c-0676-4d1a-b88e-01577587da32,2026-02-26T14:20:47Z,website/public/2.x/converter-kotlinx-serialization/scripts/main.js::e.isInputMode@L52,method,cc,lizard,lizard-default,2,2,1.0,2.0,1.5,unknown
retrofit,5899a99c-0676-4d1a-b88e-01577587da32,2026-02-26T14:20:47Z,website/public/2.x/converter-kotlinx-serialization/scripts/main.js::e@L1,method,cc,lizard,lizard-default,26,7,1.0,11.0,3.615385,unknown
retrofit,5899a99c-0676-4d1a-b88e-01577587da32,2026-02-26T14:20:47Z,website/public/2.x/converter-kotlinx-serialization/scripts/main.js::e@L14,method,cc,lizard,lizard-default,18,3,1.0,103.0,6.944444,unknown
retrofit,5899a99c-0676-4d1a-b88e-01577587da32,2026-02-26T14:20:47Z,website/public/2.x/converter-kotlinx-serialization/scripts/main.js::e@L22,method,cc,lizard,lizard-default,4,4,1.0,24.0,8.75,unknown
retrofit,5899a99c-0676-4d1a-b88e-01577587da32,2026-02-26T14:20:47Z,website/public/2.x/converter-kotlinx-serialization/scripts/main.js::e@L52,method,cc,lizard,lizard-default,15,5,1.0,8.0,1.866667,unknown
retrofit,5899a99c-0676-4d1a-b88e-01577587da32,2026-02-26T14:20:47Z,website/public/2.x/converter-kotlinx-serialization/scripts/main.js::el@L52,method,cc,lizard,lizard-default,2,1,1.0,1.0,1.0,unknown
retrofit,5899a99c-0676-4d1a-b88e-01577587da32,2026-02-26T14:20:47Z,website/public/2.x/converter-kotlinx-serialization/scripts/main.js::eo@L52,method,cc,lizard,lizard-default,2,2,1.0,2.0,1.5,unknown
retrofit,5899a99c-0676-4d1a-b88e-01577587da32,2026-02-26T14:20:47Z,website/public/2.x/converter-kotlinx-serialization/scripts/main.js::f@L1,method,cc,lizard,lizard-default,2,2,1.0,10.0,5.5,unknown
retrofit,5899a99c-0676-4d1a-b88e-01577587da32,2026-02-26T14:20:47Z,website/public/2.x/converter-kotlinx-serialization/scripts/main.js::f@L47,method,cc,lizard,lizard-default,2,2,1.0,3.0,2.0,unknown
retrofit,5899a99c-0676-4d1a-b88e-01577587da32,2026-02-26T14:20:47Z,website/public/2.x/converter-kotlinx-serialization/scripts/main.js::f@L52,method,cc,lizard,lizard-default,4,4,2.0,8.0,5.0,unknown
retrofit,5899a99c-0676-4d1a-b88e-01577587da32,2026-02-26T14:20:47Z,website/public/2.x/converter-kotlinx-serialization/scripts/main.js::fe@L52,method,cc,lizard,lizard-default,2,2,1.0,9.0,5.0,unknown
retrofit,5899a99c-0676-4d1a-b88e-01577587da32,2026-02-26T14:20:47Z,website/public/2.x/converter-kotlinx-serialization/scripts/main.js::fn@L52,method,cc,lizard,lizard-default,3,3,1.0,5.0,3.0,unknown
retrofit,5899a99c-0676-4d1a-b88e-01577587da32,2026-02-26T14:20:47Z,website/public/2.x/converter-kotlinx-serialization/scripts/main.js::fr@L52,method,cc,lizard,lizard-default,2,2,1.0,2.0,1.5,unknown
retrofit,5899a99c-0676-4d1a-b88e-01577587da32,2026-02-26T14:20:47Z,website/public/2.x/converter-kotlinx-serialization/scripts/main.js::g@L52,method,cc,lizard,lizard-default,6,5,1.0,6.0,3.0,unknown
retrofit,5899a99c-0676-4d1a-b88e-01577587da32,2026-02-26T14:20:47Z,website/public/2.x/converter-kotlinx-serialization/scripts/main.js::ge@L52,method,cc,lizard,lizard-default,2,2,1.0,2.0,1.5,unknown
retrofit,5899a99c-0676-4d1a-b88e-01577587da32,2026-02-26T14:20:47Z,website/public/2.x/converter-kotlinx-serialization/scripts/main.js::get@L1,method,cc,lizard,lizard-default,2,2,1.0,6.0,3.5,unknown
retrofit,5899a99c-0676-4d1a-b88e-01577587da32,2026-02-26T14:20:47Z,website/public/2.x/converter-kotlinx-serialization/scripts/main.js::get@L22,method,cc,lizard,lizard-default,2,1,1.0,1.0,1.0,unknown
retrofit,5899a99c-0676-4d1a-b88e-01577587da32,2026-02-26T14:20:47Z,website/public/2.x/converter-kotlinx-serialization/scripts/main.js::get@L39,method,cc,lizard,lizard-default,2,1,1.0,1.0,1.0,unknown
retrofit,5899a99c-0676-4d1a-b88e-01577587da32,2026-02-26T14:20:47Z,website/public/2.x/converter-kotlinx-serialization/scripts/main.js::get@L52,method,cc,lizard,lizard-default,16,5,1.0,5.0,1.9375,unknown
retrofit,5899a99c-0676-4d1a-b88e-01577587da32,2026-02-26T14:20:47Z,website/public/2.x/converter-kotlinx-serialization/scripts/main.js::gn@L52,method,cc,lizard,lizard-default,2,2,1.0,2.0,1.5,unknown
retrofit,5899a99c-0676-4d1a-b88e-01577587da32,2026-02-26T14:20:47Z,website/public/2.x/converter-kotlinx-serialization/scripts/main.js::h@L52,method,cc,lizard,lizard-default,6,5,1.0,8.0,4.666667,unknown
retrofit,5899a99c-0676-4d1a-b88e-01577587da32,2026-02-26T14:20:47Z,website/public/2.x/converter-kotlinx-serialization/scripts/main.js::has@L52,method,cc,lizard,lizard-default,4,3,1.0,5.0,2.75,unknown
retrofit,5899a99c-0676-4d1a-b88e-01577587da32,2026-02-26T14:20:47Z,website/public/2.x/converter-kotlinx-serialization/scripts/main.js::he@L22,method,cc,lizard,lizard-default,2,2,1.0,6.0,3.5,unknown
retrofit,5899a99c-0676-4d1a-b88e-01577587da32,2026-02-26T14:20:47Z,website/public/2.x/converter-kotlinx-serialization/scripts/main.js::hn@L52,method,cc,lizard,lizard-default,2,1,2.0,2.0,2.0,unknown
retrofit,5899a99c-0676-4d1a-b88e-01577587da32,2026-02-26T14:20:47Z,website/public/2.x/converter-kotlinx-serialization/scripts/main.js::i@L47,method,cc,lizard,lizard-default,3,3,1.0,4.0,2.333333,unknown
retrofit,5899a99c-0676-4d1a-b88e-01577587da32,2026-02-26T14:20:47Z,website/public/2.x/converter-kotlinx-serialization/scripts/main.js::i@L52,method,cc,lizard,lizard-default,16,6,1.0,18.0,4.75,unknown
retrofit,5899a99c-0676-4d1a-b88e-01577587da32,2026-02-26T14:20:47Z,website/public/2.x/converter-kotlinx-serialization/scripts/main.js::includes@L52,method,cc,lizard,lizard-default,2,1,2.0,2.0,2.0,unknown
retrofit,5899a99c-0676-4d1a-b88e-01577587da32,2026-02-26T14:20:47Z,website/public/2.x/converter-kotlinx-serialization/scripts/main.js::ir@L52,method,cc,lizard,lizard-default,3,3,1.0,5.0,3.0,unknown
retrofit,5899a99c-0676-4d1a-b88e-01577587da32,2026-02-26T14:20:47Z,website/public/2.x/converter-kotlinx-serialization/scripts/main.js::iu@L52,method,cc,lizard,lizard-default,2,2,1.0,2.0,1.5,unknown
retrofit,5899a99c-0676-4d1a-b88e-01577587da32,2026-02-26T14:20:47Z,website/public/2.x/converter-kotlinx-serialization/scripts/main.js::jl@L52,method,cc,lizard,lizard-default,2,2,1.0,2.0,1.5,unknown
retrofit,5899a99c-0676-4d1a-b88e-01577587da32,2026-02-26T14:20:47Z,website/public/2.x/converter-kotlinx-serialization/scripts/main.js::ju@L52,method,cc,lizard,lizard-default,2,2,2.0,4.0,3.0,unknown
retrofit,5899a99c-0676-4d1a-b88e-01577587da32,2026-02-26T14:20:47Z,website/public/2.x/converter-kotlinx-serialization/scripts/main.js::k@L52,method,cc,lizard,lizard-default,2,2,5.0,15.0,10.0,unknown
retrofit,5899a99c-0676-4d1a-b88e-01577587da32,2026-02-26T14:20:47Z,website/public/2.x/converter-kotlinx-serialization/scripts/main.js::kn@L52,method,cc,lizard,lizard-default,2,2,1.0,2.0,1.5,unknown
retrofit,5899a99c-0676-4d1a-b88e-01577587da32,2026-02-26T14:20:47Z,website/public/2.x/converter-kotlinx-serialization/scripts/main.js::kr@L52,method,cc,lizard,lizard-default,2,2,1.0,2.0,1.5,unknown
retrofit,5899a99c-0676-4d1a-b88e-01577587da32,2026-02-26T14:20:47Z,website/public/2.x/converter-kotlinx-serialization/scripts/main.js::l@L1,method,cc,lizard,lizard-default,3,3,1.0,3.0,2.0,unknown
retrofit,5899a99c-0676-4d1a-b88e-01577587da32,2026-02-26T14:20:47Z,website/public/2.x/converter-kotlinx-serialization/scripts/main.js::l@L52,method,cc,lizard,lizard-default,10,3,1.0,4.0,1.7,unknown
retrofit,5899a99c-0676-4d1a-b88e-01577587da32,2026-02-26T14:20:47Z,website/public/2.x/converter-kotlinx-serialization/scripts/main.js::lu@L52,method,cc,lizard,lizard-default,2,2,1.0,2.0,1.5,unknown
retrofit,5899a99c-0676-4d1a-b88e-01577587da32,2026-02-26T14:20:47Z,website/public/2.x/converter-kotlinx-serialization/scripts/main.js::m@L52,method,cc,lizard,lizard-default,2,2,2.0,4.0,3.0,unknown
retrofit,5899a99c-0676-4d1a-b88e-01577587da32,2026-02-26T14:20:47Z,website/public/2.x/converter-kotlinx-serialization/scripts/main.js::ma@L52,method,cc,lizard,lizard-default,2,2,1.0,2.0,1.5,unknown
retrofit,5899a99c-0676-4d1a-b88e-01577587da32,2026-02-26T14:20:47Z,website/public/2.x/converter-kotlinx-serialization/scripts/main.js::mi@L52,method,cc,lizard,lizard-default,2,1,2.0,2.0,2.0,unknown
retrofit,5899a99c-0676-4d1a-b88e-01577587da32,2026-02-26T14:20:47Z,website/public/2.x/converter-kotlinx-serialization/scripts/main.js::ml@L52,method,cc,lizard,lizard-default,3,3,1.0,5.0,3.0,unknown
retrofit,5899a99c-0676-4d1a-b88e-01577587da32,2026-02-26T14:20:47Z,website/public/2.x/converter-kotlinx-serialization/scripts/main.js::mo@L52,method,cc,lizard,lizard-default,2,2,1.0,2.0,1.5,unknown
retrofit,5899a99c-0676-4d1a-b88e-01577587da32,2026-02-26T14:20:47Z,website/public/2.x/converter-kotlinx-serialization/scripts/main.js::mu@L52,method,cc,lizard,lizard-default,2,1,1.0,1.0,1.0,unknown
retrofit,5899a99c-0676-4d1a-b88e-01577587da32,2026-02-26T14:20:47Z,website/public/2.x/converter-kotlinx-serialization/scripts/main.js::n.Browser@L47,method,cc,lizard,lizard-default,3,1,1.0,1.0,1.0,unknown
retrofit,5899a99c-0676-4d1a-b88e-01577587da32,2026-02-26T14:20:47Z,website/public/2.x/converter-kotlinx-serialization/scripts/main.js::n.createElement@L52,method,cc,lizard,lizard-default,3,2,1.0,4.0,2.0,unknown
retrofit,5899a99c-0676-4d1a-b88e-01577587da32,2026-02-26T14:20:47Z,website/public/2.x/converter-kotlinx-serialization/scripts/main.js::n.f@L52,method,cc,lizard,lizard-default,6,5,1.0,10.0,4.166667,unknown
retrofit,5899a99c-0676-4d1a-b88e-01577587da32,2026-02-26T14:20:47Z,website/public/2.x/converter-kotlinx-serialization/scripts/main.js::n.render@L22,method,cc,lizard,lizard-default,3,3,1.0,5.0,2.666667,unknown
retrofit,5899a99c-0676-4d1a-b88e-01577587da32,2026-02-26T14:20:47Z,website/public/2.x/converter-kotlinx-serialization/scripts/main.js::n.render@L39,method,cc,lizard,lizard-default,7,2,1.0,8.0,2.0,unknown
retrofit,5899a99c-0676-4d1a-b88e-01577587da32,2026-02-26T14:20:47Z,website/public/2.x/converter-kotlinx-serialization/scripts/main.js::n.render@L47,method,cc,lizard,lizard-default,4,1,1.0,1.0,1.0,unknown
retrofit,5899a99c-0676-4d1a-b88e-01577587da32,2026-02-26T14:20:47Z,website/public/2.x/converter-kotlinx-serialization/scripts/main.js::n.render@L52,method,cc,lizard,lizard-default,10,3,1.0,4.0,1.5,unknown
retrofit,5899a99c-0676-4d1a-b88e-01577587da32,2026-02-26T14:20:47Z,website/public/2.x/converter-kotlinx-serialization/scripts/main.js::n.unstable_forceFrameRate@L47,method,cc,lizard,lizard-default,2,2,1.0,4.0,2.5,unknown
retrofit,5899a99c-0676-4d1a-b88e-01577587da32,2026-02-26T14:20:47Z,website/public/2.x/converter-kotlinx-serialization/scripts/main.js::n.unstable_now@L47,method,cc,lizard,lizard-default,2,1,1.0,1.0,1.0,unknown
retrofit,5899a99c-0676-4d1a-b88e-01577587da32,2026-02-26T14:20:47Z,website/public/2.x/converter-kotlinx-serialization/scripts/main.js::n.unstable_shouldYield@L47,method,cc,lizard,lizard-default,2,1,1.0,1.0,1.0,unknown
retrofit,5899a99c-0676-4d1a-b88e-01577587da32,2026-02-26T14:20:47Z,website/public/2.x/converter-kotlinx-serialization/scripts/main.js::n@L1,method,cc,lizard,lizard-default,8,2,1.0,3.0,1.25,unknown
retrofit,5899a99c-0676-4d1a-b88e-01577587da32,2026-02-26T14:20:47Z,website/public/2.x/converter-kotlinx-serialization/scripts/main.js::n@L14,method,cc,lizard,lizard-default,2,1,1.0,1.0,1.0,unknown
retrofit,5899a99c-0676-4d1a-b88e-01577587da32,2026-02-26T14:20:47Z,website/public/2.x/converter-kotlinx-serialization/scripts/main.js::n@L22,method,cc,lizard,lizard-default,7,3,1.0,6.0,2.285714,unknown
retrofit,5899a99c-0676-4d1a-b88e-01577587da32,2026-02-26T14:20:47Z,website/public/2.x/converter-kotlinx-serialization/scripts/main.js::n@L52,method,cc,lizard,lizard-default,75,6,1.0,7.0,5.426667,unknown
retrofit,5899a99c-0676-4d1a-b88e-01577587da32,2026-02-26T14:20:47Z,website/public/2.x/converter-kotlinx-serialization/scripts/main.js::nc@L52,method,cc,lizard,lizard-default,2,2,1.0,2.0,1.5,unknown
retrofit,5899a99c-0676-4d1a-b88e-01577587da32,2026-02-26T14:20:47Z,website/public/2.x/converter-kotlinx-serialization/scripts/main.js::ne@L52,method,cc,lizard,lizard-default,2,2,1.0,5.0,3.0,unknown
retrofit,5899a99c-0676-4d1a-b88e-01577587da32,2026-02-26T14:20:47Z,website/public/2.x/converter-kotlinx-serialization/scripts/main.js::next@L52,method,cc,lizard,lizard-default,4,2,1.0,2.0,1.25,unknown
retrofit,5899a99c-0676-4d1a-b88e-01577587da32,2026-02-26T14:20:47Z,website/public/2.x/converter-kotlinx-serialization/scripts/main.js::o@L1,method,cc,lizard,lizard-default,2,1,1.0,1.0,1.0,unknown
retrofit,5899a99c-0676-4d1a-b88e-01577587da32,2026-02-26T14:20:47Z,website/public/2.x/converter-kotlinx-serialization/scripts/main.js::o@L22,method,cc,lizard,lizard-default,3,1,1.0,1.0,1.0,unknown
retrofit,5899a99c-0676-4d1a-b88e-01577587da32,2026-02-26T14:20:47Z,website/public/2.x/converter-kotlinx-serialization/scripts/main.js::o@L47,method,cc,lizard,lizard-default,2,1,1.0,1.0,1.0,unknown
retrofit,5899a99c-0676-4d1a-b88e-01577587da32,2026-02-26T14:20:47Z,website/public/2.x/converter-kotlinx-serialization/scripts/main.js::o@L52,method,cc,lizard,lizard-default,47,5,1.0,6.0,3.808511,unknown
retrofit,5899a99c-0676-4d1a-b88e-01577587da32,2026-02-26T14:20:47Z,website/public/2.x/converter-kotlinx-serialization/scripts/main.js::on@L52,method,cc,lizard,lizard-default,3,3,1.0,5.0,3.0,unknown
retrofit,5899a99c-0676-4d1a-b88e-01577587da32,2026-02-26T14:20:47Z,website/public/2.x/converter-kotlinx-serialization/scripts/main.js::onResize@L52,method,cc,lizard,lizard-default,2,1,1.0,1.0,1.0,unknown
retrofit,5899a99c-0676-4d1a-b88e-01577587da32,2026-02-26T14:20:47Z,website/public/2.x/converter-kotlinx-serialization/scripts/main.js::onScroll@L52,method,cc,lizard,lizard-default,4,1,1.0,1.0,1.0,unknown
retrofit,5899a99c-0676-4d1a-b88e-01577587da32,2026-02-26T14:20:47Z,website/public/2.x/converter-kotlinx-serialization/scripts/main.js::oo@L52,method,cc,lizard,lizard-default,3,3,1.0,5.0,3.0,unknown
retrofit,5899a99c-0676-4d1a-b88e-01577587da32,2026-02-26T14:20:47Z,website/public/2.x/converter-kotlinx-serialization/scripts/main.js::os@L52,method,cc,lizard,lizard-default,2,2,2.0,4.0,3.0,unknown
retrofit,5899a99c-0676-4d1a-b88e-01577587da32,2026-02-26T14:20:47Z,website/public/2.x/converter-kotlinx-serialization/scripts/main.js::p@L1,method,cc,lizard,lizard-default,2,2,1.0,2.0,1.5,unknown
retrofit,5899a99c-0676-4d1a-b88e-01577587da32,2026-02-26T14:20:47Z,website/public/2.x/converter-kotlinx-serialization/scripts/main.js::p@L52,method,cc,lizard,lizard-default,6,3,1.0,6.0,3.166667,unknown
retrofit,5899a99c-0676-4d1a-b88e-01577587da32,2026-02-26T14:20:47Z,website/public/2.x/converter-kotlinx-serialization/scripts/main.js::pa@L52,method,cc,lizard,lizard-default,3,3,1.0,5.0,3.0,unknown
retrofit,5899a99c-0676-4d1a-b88e-01577587da32,2026-02-26T14:20:47Z,website/public/2.x/converter-kotlinx-serialization/scripts/main.js::pi@L52,method,cc,lizard,lizard-default,3,3,1.0,5.0,3.0,unknown
retrofit,5899a99c-0676-4d1a-b88e-01577587da32,2026-02-26T14:20:47Z,website/public/2.x/converter-kotlinx-serialization/scripts/main.js::po@L52,method,cc,lizard,lizard-default,3,3,1.0,5.0,3.0,unknown
retrofit,5899a99c-0676-4d1a-b88e-01577587da32,2026-02-26T14:20:47Z,website/public/2.x/converter-kotlinx-serialization/scripts/main.js::pu@L52,method,cc,lizard,lizard-default,3,3,1.0,5.0,3.0,unknown
retrofit,5899a99c-0676-4d1a-b88e-01577587da32,2026-02-26T14:20:47Z,website/public/2.x/converter-kotlinx-serialization/scripts/main.js::qa@L52,method,cc,lizard,lizard-default,2,2,2.0,4.0,3.0,unknown
retrofit,5899a99c-0676-4d1a-b88e-01577587da32,2026-02-26T14:20:47Z,website/public/2.x/converter-kotlinx-serialization/scripts/main.js::qc@L52,method,cc,lizard,lizard-default,2,2,1.0,2.0,1.5,unknown
retrofit,5899a99c-0676-4d1a-b88e-01577587da32,2026-02-26T14:20:47Z,website/public/2.x/converter-kotlinx-serialization/scripts/main.js::ql@L52,method,cc,lizard,lizard-default,2,2,1.0,2.0,1.5,unknown
retrofit,5899a99c-0676-4d1a-b88e-01577587da32,2026-02-26T14:20:47Z,website/public/2.x/converter-kotlinx-serialization/scripts/main.js::r@L1,method,cc,lizard,lizard-default,3,2,3.0,5.0,4.333333,unknown
retrofit,5899a99c-0676-4d1a-b88e-01577587da32,2026-02-26T14:20:47Z,website/public/2.x/converter-kotlinx-serialization/scripts/main.js::r@L47,method,cc,lizard,lizard-default,3,2,1.0,4.0,2.0,unknown
retrofit,5899a99c-0676-4d1a-b88e-01577587da32,2026-02-26T14:20:47Z,website/public/2.x/converter-kotlinx-serialization/scripts/main.js::r@L52,method,cc,lizard,lizard-default,8,4,1.0,5.0,2.375,unknown
retrofit,5899a99c-0676-4d1a-b88e-01577587da32,2026-02-26T14:20:47Z,website/public/2.x/converter-kotlinx-serialization/scripts/main.js::ra@L52,method,cc,lizard,lizard-default,5,2,1.0,2.0,1.2,unknown
retrofit,5899a99c-0676-4d1a-b88e-01577587da32,2026-02-26T14:20:47Z,website/public/2.x/converter-kotlinx-serialization/scripts/main.js::rc@L52,method,cc,lizard,lizard-default,2,2,1.0,2.0,1.5,unknown
retrofit,5899a99c-0676-4d1a-b88e-01577587da32,2026-02-26T14:20:47Z,website/public/2.x/converter-kotlinx-serialization/scripts/main.js::remove@L1,method,cc,lizard,lizard-default,2,1,1.0,1.0,1.0,unknown
retrofit,5899a99c-0676-4d1a-b88e-01577587da32,2026-02-26T14:20:47Z,website/public/2.x/converter-kotlinx-serialization/scripts/main.js::rt@L52,method,cc,lizard,lizard-default,2,2,2.0,4.0,3.0,unknown
retrofit,5899a99c-0676-4d1a-b88e-01577587da32,2026-02-26T14:20:47Z,website/public/2.x/converter-kotlinx-serialization/scripts/main.js::s@L1,method,cc,lizard,lizard-default,2,2,1.0,4.0,2.5,unknown
retrofit,5899a99c-0676-4d1a-b88e-01577587da32,2026-02-26T14:20:47Z,website/public/2.x/converter-kotlinx-serialization/scripts/main.js::s@L22,method,cc,lizard,lizard-default,2,2,2.0,6.0,4.0,unknown
retrofit,5899a99c-0676-4d1a-b88e-01577587da32,2026-02-26T14:20:47Z,website/public/2.x/converter-kotlinx-serialization/scripts/main.js::s@L52,method,cc,lizard,lizard-default,10,4,1.0,5.0,1.7,unknown
retrofit,5899a99c-0676-4d1a-b88e-01577587da32,2026-02-26T14:20:47Z,website/public/2.x/converter-kotlinx-serialization/scripts/main.js::se@L52,method,cc,lizard,lizard-default,2,2,1.0,3.0,2.0,unknown
retrofit,5899a99c-0676-4d1a-b88e-01577587da32,2026-02-26T14:20:47Z,website/public/2.x/converter-kotlinx-serialization/scripts/main.js::set@L22,method,cc,lizard,lizard-default,2,1,1.0,1.0,1.0,unknown
retrofit,5899a99c-0676-4d1a-b88e-01577587da32,2026-02-26T14:20:47Z,website/public/2.x/converter-kotlinx-serialization/scripts/main.js::set@L52,method,cc,lizard,lizard-default,5,3,1.0,5.0,3.0,unknown
retrofit,5899a99c-0676-4d1a-b88e-01577587da32,2026-02-26T14:20:47Z,website/public/2.x/converter-kotlinx-serialization/scripts/main.js::so@L52,method,cc,lizard,lizard-default,2,2,1.0,2.0,1.5,unknown
retrofit,5899a99c-0676-4d1a-b88e-01577587da32,2026-02-26T14:20:47Z,website/public/2.x/converter-kotlinx-serialization/scripts/main.js::sr@L52,method,cc,lizard,lizard-default,2,1,2.0,2.0,2.0,unknown
retrofit,5899a99c-0676-4d1a-b88e-01577587da32,2026-02-26T14:20:47Z,website/public/2.x/converter-kotlinx-serialization/scripts/main.js::st@L52,method,cc,lizard,lizard-default,2,2,1.0,2.0,1.5,unknown
retrofit,5899a99c-0676-4d1a-b88e-01577587da32,2026-02-26T14:20:47Z,website/public/2.x/converter-kotlinx-serialization/scripts/main.js::t._getEstimatedRowSize@L52,method,cc,lizard,lizard-default,2,2,1.0,3.0,2.0,unknown
retrofit,5899a99c-0676-4d1a-b88e-01577587da32,2026-02-26T14:20:47Z,website/public/2.x/converter-kotlinx-serialization/scripts/main.js::t.callback@L22,method,cc,lizard,lizard-default,2,2,2.0,4.0,3.0,unknown
retrofit,5899a99c-0676-4d1a-b88e-01577587da32,2026-02-26T14:20:47Z,website/public/2.x/converter-kotlinx-serialization/scripts/main.js::t@L1,method,cc,lizard,lizard-default,2,2,3.0,5.0,4.0,unknown
retrofit,5899a99c-0676-4d1a-b88e-01577587da32,2026-02-26T14:20:47Z,website/public/2.x/converter-kotlinx-serialization/scripts/main.js::t@L22,method,cc,lizard,lizard-default,2,2,3.0,17.0,10.0,unknown
retrofit,5899a99c-0676-4d1a-b88e-01577587da32,2026-02-26T14:20:47Z,website/public/2.x/converter-kotlinx-serialization/scripts/main.js::t@L47,method,cc,lizard,lizard-default,2,1,2.0,2.0,2.0,unknown
retrofit,5899a99c-0676-4d1a-b88e-01577587da32,2026-02-26T14:20:47Z,website/public/2.x/converter-kotlinx-serialization/scripts/main.js::t@L52,method,cc,lizard,lizard-default,93,9,1.0,16.0,3.075269,unknown
retrofit,5899a99c-0676-4d1a-b88e-01577587da32,2026-02-26T14:20:47Z,website/public/2.x/converter-kotlinx-serialization/scripts/main.js::tc@L52,method,cc,lizard,lizard-default,2,1,2.0,2.0,2.0,unknown
retrofit,5899a99c-0676-4d1a-b88e-01577587da32,2026-02-26T14:20:47Z,website/public/2.x/converter-kotlinx-serialization/scripts/main.js::template@L52,method,cc,lizard,lizard-default,2,1,1.0,1.0,1.0,unknown
retrofit,5899a99c-0676-4d1a-b88e-01577587da32,2026-02-26T14:20:47Z,website/public/2.x/converter-kotlinx-serialization/scripts/main.js::ts@L52,method,cc,lizard,lizard-default,2,2,2.0,4.0,3.0,unknown
retrofit,5899a99c-0676-4d1a-b88e-01577587da32,2026-02-26T14:20:47Z,website/public/2.x/converter-kotlinx-serialization/scripts/main.js::tu@L52,method,cc,lizard,lizard-default,2,2,2.0,4.0,3.0,unknown
retrofit,5899a99c-0676-4d1a-b88e-01577587da32,2026-02-26T14:20:47Z,website/public/2.x/converter-kotlinx-serialization/scripts/main.js::u@L1,method,cc,lizard,lizard-default,2,2,1.0,8.0,4.5,unknown
retrofit,5899a99c-0676-4d1a-b88e-01577587da32,2026-02-26T14:20:47Z,website/public/2.x/converter-kotlinx-serialization/scripts/main.js::u@L22,method,cc,lizard,lizard-default,2,2,1.0,3.0,2.0,unknown
retrofit,5899a99c-0676-4d1a-b88e-01577587da32,2026-02-26T14:20:47Z,website/public/2.x/converter-kotlinx-serialization/scripts/main.js::u@L52,method,cc,lizard,lizard-default,5,3,1.0,18.0,4.6,unknown
retrofit,5899a99c-0676-4d1a-b88e-01577587da32,2026-02-26T14:20:47Z,website/public/2.x/converter-kotlinx-serialization/scripts/main.js::ua@L52,method,cc,lizard,lizard-default,2,2,2.0,4.0,3.0,unknown
retrofit,5899a99c-0676-4d1a-b88e-01577587da32,2026-02-26T14:20:47Z,website/public/2.x/converter-kotlinx-serialization/scripts/main.js::ue@L52,method,cc,lizard,lizard-default,2,2,2.0,9.0,5.5,unknown
retrofit,5899a99c-0676-4d1a-b88e-01577587da32,2026-02-26T14:20:47Z,website/public/2.x/converter-kotlinx-serialization/scripts/main.js::ui@L52,method,cc,lizard,lizard-default,3,3,1.0,5.0,3.0,unknown
retrofit,5899a99c-0676-4d1a-b88e-01577587da32,2026-02-26T14:20:47Z,website/public/2.x/converter-kotlinx-serialization/scripts/main.js::ul@L22,method,cc,lizard,lizard-default,2,2,3.0,13.0,8.0,unknown
retrofit,5899a99c-0676-4d1a-b88e-01577587da32,2026-02-26T14:20:47Z,website/public/2.x/converter-kotlinx-serialization/scripts/main.js::uo@L52,method,cc,lizard,lizard-default,2,1,2.0,2.0,2.0,unknown
retrofit,5899a99c-0676-4d1a-b88e-01577587da32,2026-02-26T14:20:47Z,website/public/2.x/converter-kotlinx-serialization/scripts/main.js::update@L1,method,cc,lizard,lizard-default,2,1,1.0,1.0,1.0,unknown
retrofit,5899a99c-0676-4d1a-b88e-01577587da32,2026-02-26T14:20:47Z,website/public/2.x/converter-kotlinx-serialization/scripts/main.js::updateScrollIndexCallback@L52,method,cc,lizard,lizard-default,2,1,1.0,1.0,1.0,unknown
retrofit,5899a99c-0676-4d1a-b88e-01577587da32,2026-02-26T14:20:47Z,website/public/2.x/converter-kotlinx-serialization/scripts/main.js::updateScrollOffsetForScrollToIndex@L52,method,cc,lizard,lizard-default,2,1,1.0,1.0,1.0,unknown
retrofit,5899a99c-0676-4d1a-b88e-01577587da32,2026-02-26T14:20:47Z,website/public/2.x/converter-kotlinx-serialization/scripts/main.js::ur@L52,method,cc,lizard,lizard-default,2,2,1.0,2.0,1.5,unknown
retrofit,5899a99c-0676-4d1a-b88e-01577587da32,2026-02-26T14:20:47Z,website/public/2.x/converter-kotlinx-serialization/scripts/main.js::useDeferredValue@L22,method,cc,lizard,lizard-default,3,1,1.0,1.0,1.0,unknown
retrofit,5899a99c-0676-4d1a-b88e-01577587da32,2026-02-26T14:20:47Z,website/public/2.x/converter-kotlinx-serialization/scripts/main.js::useOpaqueIdentifier@L22,method,cc,lizard,lizard-default,3,2,1.0,3.0,1.666667,unknown
retrofit,5899a99c-0676-4d1a-b88e-01577587da32,2026-02-26T14:20:47Z,website/public/2.x/converter-kotlinx-serialization/scripts/main.js::useState@L22,method,cc,lizard,lizard-default,2,1,1.0,1.0,1.0,unknown
retrofit,5899a99c-0676-4d1a-b88e-01577587da32,2026-02-26T14:20:47Z,website/public/2.x/converter-kotlinx-serialization/scripts/main.js::useTransition@L22,method,cc,lizard,lizard-default,3,1,1.0,1.0,1.0,unknown
retrofit,5899a99c-0676-4d1a-b88e-01577587da32,2026-02-26T14:20:47Z,website/public/2.x/converter-kotlinx-serialization/scripts/main.js::ut@L52,method,cc,lizard,lizard-default,2,1,2.0,2.0,2.0,unknown
retrofit,5899a99c-0676-4d1a-b88e-01577587da32,2026-02-26T14:20:47Z,website/public/2.x/converter-kotlinx-serialization/scripts/main.js::v@L22,method,cc,lizard,lizard-default,3,3,3.0,24.0,16.0,unknown
retrofit,5899a99c-0676-4d1a-b88e-01577587da32,2026-02-26T14:20:47Z,website/public/2.x/converter-kotlinx-serialization/scripts/main.js::v@L52,method,cc,lizard,lizard-default,6,3,1.0,6.0,3.833333,unknown
retrofit,5899a99c-0676-4d1a-b88e-01577587da32,2026-02-26T14:20:47Z,website/public/2.x/converter-kotlinx-serialization/scripts/main.js::value@L52,method,cc,lizard,lizard-default,210,16,1.0,22.0,3.280952,unknown
retrofit,5899a99c-0676-4d1a-b88e-01577587da32,2026-02-26T14:20:47Z,website/public/2.x/converter-kotlinx-serialization/scripts/main.js::vc@L52,method,cc,lizard,lizard-default,3,3,1.0,5.0,3.0,unknown
retrofit,5899a99c-0676-4d1a-b88e-01577587da32,2026-02-26T14:20:47Z,website/public/2.x/converter-kotlinx-serialization/scripts/main.js::vn@L52,method,cc,lizard,lizard-default,2,2,1.0,2.0,1.5,unknown
retrofit,5899a99c-0676-4d1a-b88e-01577587da32,2026-02-26T14:20:47Z,website/public/2.x/converter-kotlinx-serialization/scripts/main.js::w@L52,method,cc,lizard,lizard-default,2,1,1.0,1.0,1.0,unknown
retrofit,5899a99c-0676-4d1a-b88e-01577587da32,2026-02-26T14:20:47Z,website/public/2.x/converter-kotlinx-serialization/scripts/main.js::wl@L52,method,cc,lizard,lizard-default,2,2,1.0,2.0,1.5,unknown
retrofit,5899a99c-0676-4d1a-b88e-01577587da32,2026-02-26T14:20:47Z,website/public/2.x/converter-kotlinx-serialization/scripts/main.js::wn@L52,method,cc,lizard,lizard-default,3,3,1.0,5.0,3.0,unknown
retrofit,5899a99c-0676-4d1a-b88e-01577587da32,2026-02-26T14:20:47Z,website/public/2.x/converter-kotlinx-serialization/scripts/main.js::wu@L52,method,cc,lizard,lizard-default,2,2,4.0,11.0,7.5,unknown
retrofit,5899a99c-0676-4d1a-b88e-01577587da32,2026-02-26T14:20:47Z,website/public/2.x/converter-kotlinx-serialization/scripts/main.js::x@L52,method,cc,lizard,lizard-default,4,3,1.0,6.0,3.25,unknown
retrofit,5899a99c-0676-4d1a-b88e-01577587da32,2026-02-26T14:20:47Z,website/public/2.x/converter-kotlinx-serialization/scripts/main.js::xl@L52,method,cc,lizard,lizard-default,2,2,1.0,2.0,1.5,unknown
retrofit,5899a99c-0676-4d1a-b88e-01577587da32,2026-02-26T14:20:47Z,website/public/2.x/converter-kotlinx-serialization/scripts/main.js::xo@L52,method,cc,lizard,lizard-default,2,1,2.0,2.0,2.0,unknown
retrofit,5899a99c-0676-4d1a-b88e-01577587da32,2026-02-26T14:20:47Z,website/public/2.x/converter-kotlinx-serialization/scripts/main.js::xr@L52,method,cc,lizard,lizard-default,2,2,1.0,2.0,1.5,unknown
retrofit,5899a99c-0676-4d1a-b88e-01577587da32,2026-02-26T14:20:47Z,website/public/2.x/converter-kotlinx-serialization/scripts/main.js::xu@L52,method,cc,lizard,lizard-default,4,3,1.0,4.0,3.0,unknown
retrofit,5899a99c-0676-4d1a-b88e-01577587da32,2026-02-26T14:20:47Z,website/public/2.x/converter-kotlinx-serialization/scripts/main.js::y@L52,method,cc,lizard,lizard-default,4,3,2.0,12.0,6.5,unknown
retrofit,5899a99c-0676-4d1a-b88e-01577587da32,2026-02-26T14:20:47Z,website/public/2.x/converter-kotlinx-serialization/scripts/main.js::ya@L52,method,cc,lizard,lizard-default,2,1,2.0,2.0,2.0,unknown
retrofit,5899a99c-0676-4d1a-b88e-01577587da32,2026-02-26T14:20:47Z,website/public/2.x/converter-kotlinx-serialization/scripts/main.js::yc@L52,method,cc,lizard,lizard-default,2,2,1.0,2.0,1.5,unknown
retrofit,5899a99c-0676-4d1a-b88e-01577587da32,2026-02-26T14:20:47Z,website/public/2.x/converter-kotlinx-serialization/scripts/main.js::yi@L52,method,cc,lizard,lizard-default,2,2,1.0,2.0,1.5,unknown
retrofit,5899a99c-0676-4d1a-b88e-01577587da32,2026-02-26T14:20:47Z,website/public/2.x/converter-kotlinx-serialization/scripts/main.js::yl@L52,method,cc,lizard,lizard-default,2,2,2.0,4.0,3.0,unknown
retrofit,5899a99c-0676-4d1a-b88e-01577587da32,2026-02-26T14:20:47Z,website/public/2.x/converter-kotlinx-serialization/scripts/main.js::z@L1,method,cc,lizard,lizard-default,2,1,6.0,6.0,6.0,unknown
retrofit,5899a99c-0676-4d1a-b88e-01577587da32,2026-02-26T14:20:47Z,website/public/2.x/converter-kotlinx-serialization/scripts/main.js::zc@L52,method,cc,lizard,lizard-default,2,2,1.0,2.0,1.5,unknown
retrofit,5899a99c-0676-4d1a-b88e-01577587da32,2026-02-26T14:20:47Z,website/public/2.x/converter-kotlinx-serialization/scripts/main.js::ze@L22,method,cc,lizard,lizard-default,2,2,1.0,2.0,1.5,unknown
retrofit,5899a99c-0676-4d1a-b88e-01577587da32,2026-02-26T14:20:47Z,website/public/2.x/converter-kotlinx-serialization/scripts/main.js::zi@L52,method,cc,lizard,lizard-default,3,3,1.0,5.0,3.0,unknown
retrofit,5899a99c-0676-4d1a-b88e-01577587da32,2026-02-26T14:20:47Z,website/public/2.x/converter-kotlinx-serialization/scripts/main.js::zl@L52,method,cc,lizard,lizard-default,2,1,2.0,2.0,2.0,unknown
retrofit,5899a99c-0676-4d1a-b88e-01577587da32,2026-02-26T14:20:47Z,website/public/2.x/converter-kotlinx-serialization/scripts/main.js::zr@L52,method,cc,lizard,lizard-default,3,3,1.0,5.0,3.0,unknown
retrofit,5899a99c-0676-4d1a-b88e-01577587da32,2026-02-26T14:20:47Z,website/public/2.x/converter-kotlinx-serialization/scripts/platform-content-handler.js::(anonymous)@L49,method,cc,lizard,lizard-default,2,1,1.0,1.0,1.0,unknown
retrofit,5899a99c-0676-4d1a-b88e-01577587da32,2026-02-26T14:20:47Z,website/public/2.x/converter-kotlinx-serialization/scripts/platform-content-handler.js::setItem@L25,method,cc,lizard,lizard-default,2,2,1.0,2.0,1.5,unknown
retrofit,5899a99c-0676-4d1a-b88e-01577587da32,2026-02-26T14:20:47Z,website/public/2.x/converter-kotlinx-serialization/scripts/prism.js::(anonymous)@L12,method,cc,lizard,lizard-default,3,2,1.0,3.0,2.333333,unknown
retrofit,5899a99c-0676-4d1a-b88e-01577587da32,2026-02-26T14:20:47Z,website/public/2.x/converter-kotlinx-serialization/scripts/prism.js::(anonymous)@L3,method,cc,lizard,lizard-default,5,4,1.0,4.0,2.2,unknown
retrofit,5899a99c-0676-4d1a-b88e-01577587da32,2026-02-26T14:20:47Z,website/public/2.x/converter-kotlinx-serialization/scripts/prism.js::RegExp@L4,method,cc,lizard,lizard-default,2,1,1.0,1.0,1.0,unknown
retrofit,5899a99c-0676-4d1a-b88e-01577587da32,2026-02-26T14:20:47Z,website/public/2.x/converter-kotlinx-serialization/scripts/prism.js::e@L3,method,cc,lizard,lizard-default,5,5,3.0,9.0,5.8,unknown
retrofit,5899a99c-0676-4d1a-b88e-01577587da32,2026-02-26T14:20:47Z,website/public/2.x/converter-kotlinx-serialization/scripts/prism.js::r@L12,method,cc,lizard,lizard-default,2,2,1.0,4.0,2.5,unknown
retrofit,5899a99c-0676-4d1a-b88e-01577587da32,2026-02-26T14:20:47Z,website/public/2.x/converter-kotlinx-serialization/scripts/prism.js::u@L3,method,cc,lizard,lizard-default,2,2,1.0,2.0,1.5,unknown
retrofit,5899a99c-0676-4d1a-b88e-01577587da32,2026-02-26T14:20:47Z,website/public/2.x/converter-kotlinx-serialization/ui-kit/ui-kit.min.js::(anonymous)@L1,method,cc,lizard,lizard-default,33,7,1.0,14.0,2.484848,unknown
retrofit,5899a99c-0676-4d1a-b88e-01577587da32,2026-02-26T14:20:47Z,website/public/2.x/converter-kotlinx-serialization/ui-kit/ui-kit.min.js::d@L1,method,cc,lizard,lizard-default,2,2,1.0,3.0,2.0,unknown
retrofit,5899a99c-0676-4d1a-b88e-01577587da32,2026-02-26T14:20:47Z,website/public/2.x/converter-kotlinx-serialization/ui-kit/ui-kit.min.js::g@L1,method,cc,lizard,lizard-default,2,2,1.0,3.0,2.0,unknown
retrofit,5899a99c-0676-4d1a-b88e-01577587da32,2026-02-26T14:20:47Z,website/public/2.x/converter-kotlinx-serialization/ui-kit/ui-kit.min.js::t@L1,method,cc,lizard,lizard-default,2,2,1.0,4.0,2.5,unknown
