project,run_id,timestamp_utc,component,component_type,ca__ck__ck-ce-ca-proxy,ca__jdepend__jdepend-default,cbo__ck__ck-ce-ca-proxy,cc__ckjm__ckjm-normalized,cc__lizard__lizard-module-mean,ce__ck__ck-ce-ca-proxy,ce__jdepend__jdepend-default,instability__ck__ck-ce-ca-proxy-normalized,instability__ck__ck-derived,instability__jdepend__jdepend-default,instability__jdepend__jdepend-default-normalized,lcom__ck__ck-default,lcom__ckjm__ckjm-default,nom__ckjm__ckjm-raw,wmc__ckjm__ckjm-raw
Java,3b3891b5-75b4-4f68-8e64-e83d63db6a72,2026-02-27T11:03:21Z,src,module,,,,,,,,,,,,3.939243,,,
Java,3b3891b5-75b4-4f68-8e64-e83d63db6a72,2026-02-27T11:04:52Z,src,module,,,,,,,,,,,,,0.0,,
Java,5870895b-b82d-493e-8c96-985f04d264a4,2026-02-27T11:01:31Z,src,module,,,,,,,,,,,,,0.0,,
Java,9929b6be-0f16-4679-aee9-66472cc3ed68,2026-02-27T10:47:38Z,src,module,,,,,2.683271,,,,,,,,,,
Java,9929b6be-0f16-4679-aee9-66472cc3ed68,2026-02-27T10:47:54Z,src,module,,,,2.709259,,,,,,,,,,3780.0,10241.0
Java,9929b6be-0f16-4679-aee9-66472cc3ed68,2026-02-27T10:49:11Z,src,module,,11.0,,,,,11.0,,,,0.5,,,,
Java,9929b6be-0f16-4679-aee9-66472cc3ed68,2026-02-27T10:49:48Z,src,module,685.0,,1605.0,,,1605.0,,0.700873,,,,,,,
Java,9929b6be-0f16-4679-aee9-66472cc3ed68,2026-02-27T10:51:06Z,src,module,,,,,,,,,,0.132716,,,,,
Java,9929b6be-0f16-4679-aee9-66472cc3ed68,2026-02-27T10:51:45Z,src,module,,,,,,,,,0.621057,,,,,,
Java,9929b6be-0f16-4679-aee9-66472cc3ed68,2026-02-27T10:53:04Z,src,module,,,,,,,,,,,,3.939243,,,
Java,9929b6be-0f16-4679-aee9-66472cc3ed68,2026-02-27T10:54:22Z,src,module,,,,,,,,,,,,,0.0,,
Java,9929b6be-0f16-4679-aee9-66472cc3ed68,2026-02-27T11:00:40Z,src,module,,,,,,,,,,,,,0.0,,
Java,c263e45c-541e-43a3-8b9f-a5c2268ca973,2026-02-27T10:59:41Z,src,module,,,,,,,,,,,,,0.0,,
Java,fe48d1d4-a0b3-41d9-836c-ca4d994b73af,2026-02-27T10:58:48Z,src,module,,,,,,,,,,,,,0.0,,
commons-collections,030e2a2b-218c-483d-a0fc-5676e8a16697,2026-02-27T11:16:43Z,?,module,,0.0,,,,,0.0,,,,0.0,,,,
commons-collections,030e2a2b-218c-483d-a0fc-5676e8a16697,2026-02-27T11:17:17Z,?,module,,,,,,,,,,0.0,,,,,
commons-collections,3b3891b5-75b4-4f68-8e64-e83d63db6a72,2026-02-27T11:03:21Z,?,module,,,,,,,,,,,,0.0,,,
commons-collections,3b3891b5-75b4-4f68-8e64-e83d63db6a72,2026-02-27T11:03:21Z,src,module,,,,,,,,,,,,55.116638,,,
commons-collections,3b3891b5-75b4-4f68-8e64-e83d63db6a72,2026-02-27T11:04:52Z,?,module,,,,,,,,,,,,,0.0,,
commons-collections,3b3891b5-75b4-4f68-8e64-e83d63db6a72,2026-02-27T11:04:52Z,src,module,,,,,,,,,,,,,0.0,,
commons-collections,4671899e-8e10-4968-9b8e-7c632f591567,2026-02-27T11:23:21Z,?,module,,0.0,,,,,0.0,,,,0.0,,,,
commons-collections,4671899e-8e10-4968-9b8e-7c632f591567,2026-02-27T11:23:21Z,src,module,,74.0,,,,,154.0,,,,0.675439,,,,
commons-collections,4671899e-8e10-4968-9b8e-7c632f591567,2026-02-27T11:23:45Z,?,module,,,,,,,,,,0.0,,,,,
commons-collections,4671899e-8e10-4968-9b8e-7c632f591567,2026-02-27T11:23:45Z,src,module,,,,,,,,,,0.675439,,,,,
commons-collections,5870895b-b82d-493e-8c96-985f04d264a4,2026-02-27T11:01:31Z,?,module,,,,,,,,,,,,,0.0,,
commons-collections,5870895b-b82d-493e-8c96-985f04d264a4,2026-02-27T11:01:31Z,src,module,,,,,,,,,,,,,0.0,,
commons-collections,9929b6be-0f16-4679-aee9-66472cc3ed68,2026-02-27T10:47:38Z,src,module,,,,,1.700603,,,,,,,,,,
commons-collections,9929b6be-0f16-4679-aee9-66472cc3ed68,2026-02-27T10:47:54Z,?,module,,,,,,,,,,,,,,0.0,0.0
commons-collections,9929b6be-0f16-4679-aee9-66472cc3ed68,2026-02-27T10:47:54Z,src,module,,,,1.624283,,,,,,,,,,4884.0,7933.0
commons-collections,9929b6be-0f16-4679-aee9-66472cc3ed68,2026-02-27T10:49:11Z,?,module,,0.0,,,,,0.0,,,,0.0,,,,
commons-collections,9929b6be-0f16-4679-aee9-66472cc3ed68,2026-02-27T10:49:11Z,src,module,,76.0,,,,,76.0,,,,0.5,,,,
commons-collections,9929b6be-0f16-4679-aee9-66472cc3ed68,2026-02-27T10:49:48Z,?,module,0.0,,0.0,,,0.0,,0.0,,,,,,,
commons-collections,9929b6be-0f16-4679-aee9-66472cc3ed68,2026-02-27T10:49:48Z,src,module,1419.0,,2801.0,,,2801.0,,0.663744,,,,,,,
commons-collections,9929b6be-0f16-4679-aee9-66472cc3ed68,2026-02-27T10:51:06Z,?,module,,,,,,,,,,0.0,,,,,
commons-collections,9929b6be-0f16-4679-aee9-66472cc3ed68,2026-02-27T10:51:06Z,src,module,,,,,,,,,,0.497379,,,,,
commons-collections,9929b6be-0f16-4679-aee9-66472cc3ed68,2026-02-27T10:51:45Z,?,module,,,,,,,,,0.0,,,,,,
commons-collections,9929b6be-0f16-4679-aee9-66472cc3ed68,2026-02-27T10:51:45Z,src,module,,,,,,,,,0.763955,,,,,,
commons-collections,9929b6be-0f16-4679-aee9-66472cc3ed68,2026-02-27T10:53:04Z,?,module,,,,,,,,,,,,0.0,,,
commons-collections,9929b6be-0f16-4679-aee9-66472cc3ed68,2026-02-27T10:53:04Z,src,module,,,,,,,,,,,,55.116638,,,
commons-collections,9929b6be-0f16-4679-aee9-66472cc3ed68,2026-02-27T10:54:22Z,?,module,,,,,,,,,,,,,0.0,,
commons-collections,9929b6be-0f16-4679-aee9-66472cc3ed68,2026-02-27T10:54:22Z,src,module,,,,,,,,,,,,,0.0,,
commons-collections,9929b6be-0f16-4679-aee9-66472cc3ed68,2026-02-27T11:00:40Z,?,module,,,,,,,,,,,,,0.0,,
commons-collections,9929b6be-0f16-4679-aee9-66472cc3ed68,2026-02-27T11:00:40Z,src,module,,,,,,,,,,,,,0.0,,
commons-collections,c263e45c-541e-43a3-8b9f-a5c2268ca973,2026-02-27T10:59:41Z,?,module,,,,,,,,,,,,,0.0,,
commons-collections,c263e45c-541e-43a3-8b9f-a5c2268ca973,2026-02-27T10:59:41Z,src,module,,,,,,,,,,,,,0.0,,
commons-collections,fe48d1d4-a0b3-41d9-836c-ca4d994b73af,2026-02-27T10:58:48Z,?,module,,,,,,,,,,,,,0.0,,
commons-collections,fe48d1d4-a0b3-41d9-836c-ca4d994b73af,2026-02-27T10:58:48Z,src,module,,,,,,,,,,,,,0.0,,
commons-io,030e2a2b-218c-483d-a0fc-5676e8a16697,2026-02-27T11:16:43Z,?,module,,0.0,,,,,0.0,,,,0.0,,,,
commons-io,030e2a2b-218c-483d-a0fc-5676e8a16697,2026-02-27T11:17:17Z,?,module,,,,,,,,,,0.0,,,,,
commons-io,3b3891b5-75b4-4f68-8e64-e83d63db6a72,2026-02-27T11:03:21Z,?,module,,,,,,,,,,,,0.0,,,
commons-io,3b3891b5-75b4-4f68-8e64-e83d63db6a72,2026-02-27T11:03:21Z,src,module,,,,,,,,,,,,127.754335,,,
commons-io,3b3891b5-75b4-4f68-8e64-e83d63db6a72,2026-02-27T11:04:52Z,?,module,,,,,,,,,,,,,0.0,,
commons-io,3b3891b5-75b4-4f68-8e64-e83d63db6a72,2026-02-27T11:04:52Z,src,module,,,,,,,,,,,,,0.0,,
commons-io,4671899e-8e10-4968-9b8e-7c632f591567,2026-02-27T11:23:21Z,?,module,,0.0,,,,,0.0,,,,0.0,,,,
commons-io,4671899e-8e10-4968-9b8e-7c632f591567,2026-02-27T11:23:45Z,?,module,,,,,,,,,,0.0,,,,,
commons-io,5870895b-b82d-493e-8c96-985f04d264a4,2026-02-27T11:01:31Z,?,module,,,,,,,,,,,,,0.0,,
commons-io,5870895b-b82d-493e-8c96-985f04d264a4,2026-02-27T11:01:31Z,src,module,,,,,,,,,,,,,0.0,,
commons-io,9929b6be-0f16-4679-aee9-66472cc3ed68,2026-02-27T10:47:38Z,src,module,,,,,1.638335,,,,,,,,,,
commons-io,9929b6be-0f16-4679-aee9-66472cc3ed68,2026-02-27T10:47:54Z,?,module,,,,,,,,,,,,,,0.0,0.0
commons-io,9929b6be-0f16-4679-aee9-66472cc3ed68,2026-02-27T10:47:54Z,src,module,,,,1.606198,,,,,,,,,,3098.0,4976.0
commons-io,9929b6be-0f16-4679-aee9-66472cc3ed68,2026-02-27T10:49:11Z,?,module,,0.0,,,,,0.0,,,,0.0,,,,
commons-io,9929b6be-0f16-4679-aee9-66472cc3ed68,2026-02-27T10:49:11Z,src,module,,33.0,,,,,33.0,,,,0.5,,,,
commons-io,9929b6be-0f16-4679-aee9-66472cc3ed68,2026-02-27T10:49:48Z,?,module,0.0,,0.0,,,0.0,,0.0,,,,,,,
commons-io,9929b6be-0f16-4679-aee9-66472cc3ed68,2026-02-27T10:49:48Z,src,module,886.0,,1335.0,,,1335.0,,0.601081,,,,,,,
commons-io,9929b6be-0f16-4679-aee9-66472cc3ed68,2026-02-27T10:51:06Z,?,module,,,,,,,,,,0.0,,,,,
commons-io,9929b6be-0f16-4679-aee9-66472cc3ed68,2026-02-27T10:51:06Z,src,module,,,,,,,,,,0.500425,,,,,
commons-io,9929b6be-0f16-4679-aee9-66472cc3ed68,2026-02-27T10:51:45Z,?,module,,,,,,,,,0.0,,,,,,
commons-io,9929b6be-0f16-4679-aee9-66472cc3ed68,2026-02-27T10:51:45Z,src,module,,,,,,,,,0.702108,,,,,,
commons-io,9929b6be-0f16-4679-aee9-66472cc3ed68,2026-02-27T10:53:04Z,?,module,,,,,,,,,,,,0.0,,,
commons-io,9929b6be-0f16-4679-aee9-66472cc3ed68,2026-02-27T10:53:04Z,src,module,,,,,,,,,,,,127.754335,,,
commons-io,9929b6be-0f16-4679-aee9-66472cc3ed68,2026-02-27T10:54:22Z,?,module,,,,,,,,,,,,,0.0,,
commons-io,9929b6be-0f16-4679-aee9-66472cc3ed68,2026-02-27T10:54:22Z,src,module,,,,,,,,,,,,,0.0,,
commons-io,9929b6be-0f16-4679-aee9-66472cc3ed68,2026-02-27T11:00:40Z,?,module,,,,,,,,,,,,,0.0,,
commons-io,9929b6be-0f16-4679-aee9-66472cc3ed68,2026-02-27T11:00:40Z,src,module,,,,,,,,,,,,,0.0,,
commons-io,c263e45c-541e-43a3-8b9f-a5c2268ca973,2026-02-27T10:59:41Z,?,module,,,,,,,,,,,,,0.0,,
commons-io,c263e45c-541e-43a3-8b9f-a5c2268ca973,2026-02-27T10:59:41Z,src,module,,,,,,,,,,,,,0.0,,
commons-io,fe48d1d4-a0b3-41d9-836c-ca4d994b73af,2026-02-27T10:58:48Z,?,module,,,,,,,,,,,,,0.0,,
commons-io,fe48d1d4-a0b3-41d9-836c-ca4d994b73af,2026-02-27T10:58:48Z,src,module,,,,,,,,,,,,,0.0,,
commons-lang,030e2a2b-218c-483d-a0fc-5676e8a16697,2026-02-27T11:16:43Z,?,module,,0.0,,,,,0.0,,,,0.0,,,,
commons-lang,030e2a2b-218c-483d-a0fc-5676e8a16697,2026-02-27T11:17:17Z,?,module,,,,,,,,,,0.0,,,,,
commons-lang,3b3891b5-75b4-4f68-8e64-e83d63db6a72,2026-02-27T11:03:21Z,?,module,,,,,,,,,,,,0.0,,,
commons-lang,3b3891b5-75b4-4f68-8e64-e83d63db6a72,2026-02-27T11:03:21Z,src,module,,,,,,,,,,,,421.949468,,,
commons-lang,3b3891b5-75b4-4f68-8e64-e83d63db6a72,2026-02-27T11:04:52Z,?,module,,,,,,,,,,,,,0.0,,
commons-lang,3b3891b5-75b4-4f68-8e64-e83d63db6a72,2026-02-27T11:04:52Z,src,module,,,,,,,,,,,,,0.0,,
commons-lang,4671899e-8e10-4968-9b8e-7c632f591567,2026-02-27T11:23:21Z,?,module,,0.0,,,,,0.0,,,,0.0,,,,
commons-lang,4671899e-8e10-4968-9b8e-7c632f591567,2026-02-27T11:23:21Z,src,module,,31.0,,,,,111.0,,,,0.78169,,,,
commons-lang,4671899e-8e10-4968-9b8e-7c632f591567,2026-02-27T11:23:45Z,?,module,,,,,,,,,,0.0,,,,,
commons-lang,4671899e-8e10-4968-9b8e-7c632f591567,2026-02-27T11:23:45Z,src,module,,,,,,,,,,0.78169,,,,,
commons-lang,5870895b-b82d-493e-8c96-985f04d264a4,2026-02-27T11:01:31Z,?,module,,,,,,,,,,,,,0.0,,
commons-lang,5870895b-b82d-493e-8c96-985f04d264a4,2026-02-27T11:01:31Z,src,module,,,,,,,,,,,,,0.0,,
commons-lang,9929b6be-0f16-4679-aee9-66472cc3ed68,2026-02-27T10:47:38Z,src,module,,,,,2.141312,,,,,,,,,,
commons-lang,9929b6be-0f16-4679-aee9-66472cc3ed68,2026-02-27T10:47:54Z,?,module,,,,,,,,,,,,,,0.0,0.0
commons-lang,9929b6be-0f16-4679-aee9-66472cc3ed68,2026-02-27T10:47:54Z,src,module,,,,2.108108,,,,,,,,,,4403.0,9282.0
commons-lang,9929b6be-0f16-4679-aee9-66472cc3ed68,2026-02-27T10:49:11Z,?,module,,0.0,,,,,0.0,,,,0.0,,,,
commons-lang,9929b6be-0f16-4679-aee9-66472cc3ed68,2026-02-27T10:49:11Z,src,module,,51.0,,,,,51.0,,,,0.5,,,,
commons-lang,9929b6be-0f16-4679-aee9-66472cc3ed68,2026-02-27T10:49:48Z,?,module,0.0,,0.0,,,0.0,,0.0,,,,,,,
commons-lang,9929b6be-0f16-4679-aee9-66472cc3ed68,2026-02-27T10:49:48Z,src,module,714.0,,1379.0,,,1379.0,,0.658863,,,,,,,
commons-lang,9929b6be-0f16-4679-aee9-66472cc3ed68,2026-02-27T10:51:06Z,?,module,,,,,,,,,,0.0,,,,,
commons-lang,9929b6be-0f16-4679-aee9-66472cc3ed68,2026-02-27T10:51:06Z,src,module,,,,,,,,,,0.554402,,,,,
commons-lang,9929b6be-0f16-4679-aee9-66472cc3ed68,2026-02-27T10:51:45Z,?,module,,,,,,,,,0.0,,,,,,
commons-lang,9929b6be-0f16-4679-aee9-66472cc3ed68,2026-02-27T10:51:45Z,src,module,,,,,,,,,0.668598,,,,,,
commons-lang,9929b6be-0f16-4679-aee9-66472cc3ed68,2026-02-27T10:53:04Z,?,module,,,,,,,,,,,,0.0,,,
commons-lang,9929b6be-0f16-4679-aee9-66472cc3ed68,2026-02-27T10:53:04Z,src,module,,,,,,,,,,,,421.949468,,,
commons-lang,9929b6be-0f16-4679-aee9-66472cc3ed68,2026-02-27T10:54:22Z,?,module,,,,,,,,,,,,,0.0,,
commons-lang,9929b6be-0f16-4679-aee9-66472cc3ed68,2026-02-27T10:54:22Z,src,module,,,,,,,,,,,,,0.0,,
commons-lang,9929b6be-0f16-4679-aee9-66472cc3ed68,2026-02-27T11:00:40Z,?,module,,,,,,,,,,,,,0.0,,
commons-lang,9929b6be-0f16-4679-aee9-66472cc3ed68,2026-02-27T11:00:40Z,src,module,,,,,,,,,,,,,0.0,,
commons-lang,c263e45c-541e-43a3-8b9f-a5c2268ca973,2026-02-27T10:59:41Z,?,module,,,,,,,,,,,,,0.0,,
commons-lang,c263e45c-541e-43a3-8b9f-a5c2268ca973,2026-02-27T10:59:41Z,src,module,,,,,,,,,,,,,0.0,,
commons-lang,fe48d1d4-a0b3-41d9-836c-ca4d994b73af,2026-02-27T10:58:48Z,?,module,,,,,,,,,,,,,0.0,,
commons-lang,fe48d1d4-a0b3-41d9-836c-ca4d994b73af,2026-02-27T10:58:48Z,src,module,,,,,,,,,,,,,0.0,,
gson,030e2a2b-218c-483d-a0fc-5676e8a16697,2026-02-27T11:16:43Z,test-graal-native-image,module,,0.0,,,,,0.0,,,,0.0,,,,
gson,030e2a2b-218c-483d-a0fc-5676e8a16697,2026-02-27T11:17:17Z,test-graal-native-image,module,,,,,,,,,,0.0,,,,,
gson,3b3891b5-75b4-4f68-8e64-e83d63db6a72,2026-02-27T11:03:21Z,extras,module,,,,,,,,,,,,1.5625,,,
gson,3b3891b5-75b4-4f68-8e64-e83d63db6a72,2026-02-27T11:03:21Z,gson,module,,,,,,,,,,,,18.010101,,,
gson,3b3891b5-75b4-4f68-8e64-e83d63db6a72,2026-02-27T11:03:21Z,metrics,module,,,,,,,,,,,,0.371429,,,
gson,3b3891b5-75b4-4f68-8e64-e83d63db6a72,2026-02-27T11:03:21Z,proto,module,,,,,,,,,,,,1.666667,,,
gson,3b3891b5-75b4-4f68-8e64-e83d63db6a72,2026-02-27T11:03:21Z,test-graal-native-image,module,,,,,,,,,,,,11.388889,,,
gson,3b3891b5-75b4-4f68-8e64-e83d63db6a72,2026-02-27T11:03:21Z,test-jpms,module,,,,,,,,,,,,0.0,,,
gson,3b3891b5-75b4-4f68-8e64-e83d63db6a72,2026-02-27T11:03:21Z,test-shrinker,module,,,,,,,,,,,,4.868421,,,
gson,3b3891b5-75b4-4f68-8e64-e83d63db6a72,2026-02-27T11:04:52Z,extras,module,,,,,,,,,,,,,6.333333,,
gson,3b3891b5-75b4-4f68-8e64-e83d63db6a72,2026-02-27T11:04:52Z,gson,module,,,,,,,,,,,,,22.266968,,
gson,3b3891b5-75b4-4f68-8e64-e83d63db6a72,2026-02-27T11:04:52Z,metrics,module,,,,,,,,,,,,,2.555556,,
gson,3b3891b5-75b4-4f68-8e64-e83d63db6a72,2026-02-27T11:04:52Z,proto,module,,,,,,,,,,,,,18.0,,
gson,3b3891b5-75b4-4f68-8e64-e83d63db6a72,2026-02-27T11:04:52Z,test-graal-native-image,module,,,,,,,,,,,,,0.0,,
gson,3b3891b5-75b4-4f68-8e64-e83d63db6a72,2026-02-27T11:04:52Z,test-jpms,module,,,,,,,,,,,,,0.0,,
gson,3b3891b5-75b4-4f68-8e64-e83d63db6a72,2026-02-27T11:04:52Z,test-shrinker,module,,,,,,,,,,,,,33.052632,,
gson,4671899e-8e10-4968-9b8e-7c632f591567,2026-02-27T11:23:21Z,extras,module,,0.0,,,,,28.0,,,,1.0,,,,
gson,4671899e-8e10-4968-9b8e-7c632f591567,2026-02-27T11:23:21Z,gson,module,,28.0,,,,,75.0,,,,0.728155,,,,
gson,4671899e-8e10-4968-9b8e-7c632f591567,2026-02-27T11:23:21Z,metrics,module,,0.0,,,,,17.0,,,,1.0,,,,
gson,4671899e-8e10-4968-9b8e-7c632f591567,2026-02-27T11:23:21Z,proto,module,,0.0,,,,,9.0,,,,1.0,,,,
gson,4671899e-8e10-4968-9b8e-7c632f591567,2026-02-27T11:23:21Z,test-graal-native-image,module,,0.0,,,,,0.0,,,,0.0,,,,
gson,4671899e-8e10-4968-9b8e-7c632f591567,2026-02-27T11:23:21Z,test-jpms,module,,0.0,,,,,0.0,,,,0.0,,,,
gson,4671899e-8e10-4968-9b8e-7c632f591567,2026-02-27T11:23:21Z,test-shrinker,module,,0.0,,,,,6.0,,,,1.0,,,,
gson,4671899e-8e10-4968-9b8e-7c632f591567,2026-02-27T11:23:45Z,extras,module,,,,,,,,,,1.0,,,,,
gson,4671899e-8e10-4968-9b8e-7c632f591567,2026-02-27T11:23:45Z,gson,module,,,,,,,,,,0.728155,,,,,
gson,4671899e-8e10-4968-9b8e-7c632f591567,2026-02-27T11:23:45Z,metrics,module,,,,,,,,,,1.0,,,,,
gson,4671899e-8e10-4968-9b8e-7c632f591567,2026-02-27T11:23:45Z,proto,module,,,,,,,,,,1.0,,,,,
gson,4671899e-8e10-4968-9b8e-7c632f591567,2026-02-27T11:23:45Z,test-graal-native-image,module,,,,,,,,,,0.0,,,,,
gson,4671899e-8e10-4968-9b8e-7c632f591567,2026-02-27T11:23:45Z,test-jpms,module,,,,,,,,,,0.0,,,,,
gson,4671899e-8e10-4968-9b8e-7c632f591567,2026-02-27T11:23:45Z,test-shrinker,module,,,,,,,,,,1.0,,,,,
gson,5870895b-b82d-493e-8c96-985f04d264a4,2026-02-27T11:01:31Z,extras,module,,,,,,,,,,,,,6.333333,,
gson,5870895b-b82d-493e-8c96-985f04d264a4,2026-02-27T11:01:31Z,gson,module,,,,,,,,,,,,,22.266968,,
gson,5870895b-b82d-493e-8c96-985f04d264a4,2026-02-27T11:01:31Z,metrics,module,,,,,,,,,,,,,2.555556,,
gson,5870895b-b82d-493e-8c96-985f04d264a4,2026-02-27T11:01:31Z,proto,module,,,,,,,,,,,,,18.0,,
gson,5870895b-b82d-493e-8c96-985f04d264a4,2026-02-27T11:01:31Z,test-graal-native-image,module,,,,,,,,,,,,,0.0,,
gson,5870895b-b82d-493e-8c96-985f04d264a4,2026-02-27T11:01:31Z,test-jpms,module,,,,,,,,,,,,,0.0,,
gson,5870895b-b82d-493e-8c96-985f04d264a4,2026-02-27T11:01:31Z,test-shrinker,module,,,,,,,,,,,,,33.052632,,
gson,9929b6be-0f16-4679-aee9-66472cc3ed68,2026-02-27T10:47:38Z,extras,module,,,,,3.131579,,,,,,,,,,
gson,9929b6be-0f16-4679-aee9-66472cc3ed68,2026-02-27T10:47:38Z,gson,module,,,,,2.828883,,,,,,,,,,
gson,9929b6be-0f16-4679-aee9-66472cc3ed68,2026-02-27T10:47:38Z,metrics,module,,,,,2.479167,,,,,,,,,,
gson,9929b6be-0f16-4679-aee9-66472cc3ed68,2026-02-27T10:47:38Z,proto,module,,,,,2.8125,,,,,,,,,,
gson,9929b6be-0f16-4679-aee9-66472cc3ed68,2026-02-27T10:47:54Z,extras,module,,,,2.863636,,,,,,,,,,44.0,126.0
gson,9929b6be-0f16-4679-aee9-66472cc3ed68,2026-02-27T10:47:54Z,gson,module,,,,2.556854,,,,,,,,,,941.0,2406.0
gson,9929b6be-0f16-4679-aee9-66472cc3ed68,2026-02-27T10:47:54Z,metrics,module,,,,2.469388,,,,,,,,,,49.0,121.0
gson,9929b6be-0f16-4679-aee9-66472cc3ed68,2026-02-27T10:47:54Z,proto,module,,,,2.6875,,,,,,,,,,16.0,43.0
gson,9929b6be-0f16-4679-aee9-66472cc3ed68,2026-02-27T10:47:54Z,test-graal-native-image,module,,,,,,,,,,,,,,0.0,0.0
gson,9929b6be-0f16-4679-aee9-66472cc3ed68,2026-02-27T10:47:54Z,test-jpms,module,,,,,,,,,,,,,,0.0,0.0
gson,9929b6be-0f16-4679-aee9-66472cc3ed68,2026-02-27T10:47:54Z,test-shrinker,module,,,,1.04918,,,,,,,,,,61.0,64.0
gson,9929b6be-0f16-4679-aee9-66472cc3ed68,2026-02-27T10:49:11Z,extras,module,,0.0,,,,,0.0,,,,0.0,,,,
gson,9929b6be-0f16-4679-aee9-66472cc3ed68,2026-02-27T10:49:11Z,gson,module,,30.0,,,,,30.0,,,,0.5,,,,
gson,9929b6be-0f16-4679-aee9-66472cc3ed68,2026-02-27T10:49:11Z,metrics,module,,0.0,,,,,0.0,,,,0.0,,,,
gson,9929b6be-0f16-4679-aee9-66472cc3ed68,2026-02-27T10:49:11Z,proto,module,,0.0,,,,,0.0,,,,0.0,,,,
gson,9929b6be-0f16-4679-aee9-66472cc3ed68,2026-02-27T10:49:11Z,test-graal-native-image,module,,0.0,,,,,0.0,,,,0.0,,,,
gson,9929b6be-0f16-4679-aee9-66472cc3ed68,2026-02-27T10:49:11Z,test-jpms,module,,0.0,,,,,0.0,,,,0.0,,,,
gson,9929b6be-0f16-4679-aee9-66472cc3ed68,2026-02-27T10:49:11Z,test-shrinker,module,,0.0,,,,,0.0,,,,0.0,,,,
gson,9929b6be-0f16-4679-aee9-66472cc3ed68,2026-02-27T10:49:48Z,extras,module,4.0,,80.0,,,80.0,,0.952381,,,,,,,
gson,9929b6be-0f16-4679-aee9-66472cc3ed68,2026-02-27T10:49:48Z,gson,module,604.0,,807.0,,,807.0,,0.571935,,,,,,,
gson,9929b6be-0f16-4679-aee9-66472cc3ed68,2026-02-27T10:49:48Z,metrics,module,13.0,,94.0,,,94.0,,0.878505,,,,,,,
gson,9929b6be-0f16-4679-aee9-66472cc3ed68,2026-02-27T10:49:48Z,proto,module,2.0,,30.0,,,30.0,,0.9375,,,,,,,
gson,9929b6be-0f16-4679-aee9-66472cc3ed68,2026-02-27T10:49:48Z,test-graal-native-image,module,0.0,,58.0,,,58.0,,1.0,,,,,,,
gson,9929b6be-0f16-4679-aee9-66472cc3ed68,2026-02-27T10:49:48Z,test-jpms,module,0.0,,0.0,,,0.0,,0.0,,,,,,,
gson,9929b6be-0f16-4679-aee9-66472cc3ed68,2026-02-27T10:49:48Z,test-shrinker,module,19.0,,99.0,,,99.0,,0.838983,,,,,,,
gson,9929b6be-0f16-4679-aee9-66472cc3ed68,2026-02-27T10:51:06Z,extras,module,,,,,,,,,,0.0,,,,,
gson,9929b6be-0f16-4679-aee9-66472cc3ed68,2026-02-27T10:51:06Z,gson,module,,,,,,,,,,0.428932,,,,,
gson,9929b6be-0f16-4679-aee9-66472cc3ed68,2026-02-27T10:51:06Z,metrics,module,,,,,,,,,,0.0,,,,,
gson,9929b6be-0f16-4679-aee9-66472cc3ed68,2026-02-27T10:51:06Z,proto,module,,,,,,,,,,0.0,,,,,
gson,9929b6be-0f16-4679-aee9-66472cc3ed68,2026-02-27T10:51:06Z,test-graal-native-image,module,,,,,,,,,,0.0,,,,,
gson,9929b6be-0f16-4679-aee9-66472cc3ed68,2026-02-27T10:51:06Z,test-jpms,module,,,,,,,,,,0.0,,,,,
gson,9929b6be-0f16-4679-aee9-66472cc3ed68,2026-02-27T10:51:06Z,test-shrinker,module,,,,,,,,,,0.0,,,,,
gson,9929b6be-0f16-4679-aee9-66472cc3ed68,2026-02-27T10:51:45Z,extras,module,,,,,,,,,0.820139,,,,,,
gson,9929b6be-0f16-4679-aee9-66472cc3ed68,2026-02-27T10:51:45Z,gson,module,,,,,,,,,0.747869,,,,,,
gson,9929b6be-0f16-4679-aee9-66472cc3ed68,2026-02-27T10:51:45Z,metrics,module,,,,,,,,,0.738934,,,,,,
gson,9929b6be-0f16-4679-aee9-66472cc3ed68,2026-02-27T10:51:45Z,proto,module,,,,,,,,,0.641026,,,,,,
gson,9929b6be-0f16-4679-aee9-66472cc3ed68,2026-02-27T10:51:45Z,test-graal-native-image,module,,,,,,,,,0.722222,,,,,,
gson,9929b6be-0f16-4679-aee9-66472cc3ed68,2026-02-27T10:51:45Z,test-jpms,module,,,,,,,,,0.0,,,,,,
gson,9929b6be-0f16-4679-aee9-66472cc3ed68,2026-02-27T10:51:45Z,test-shrinker,module,,,,,,,,,0.584912,,,,,,
gson,9929b6be-0f16-4679-aee9-66472cc3ed68,2026-02-27T10:53:04Z,extras,module,,,,,,,,,,,,1.5625,,,
gson,9929b6be-0f16-4679-aee9-66472cc3ed68,2026-02-27T10:53:04Z,gson,module,,,,,,,,,,,,18.010101,,,
gson,9929b6be-0f16-4679-aee9-66472cc3ed68,2026-02-27T10:53:04Z,metrics,module,,,,,,,,,,,,0.371429,,,
gson,9929b6be-0f16-4679-aee9-66472cc3ed68,2026-02-27T10:53:04Z,proto,module,,,,,,,,,,,,1.666667,,,
gson,9929b6be-0f16-4679-aee9-66472cc3ed68,2026-02-27T10:53:04Z,test-graal-native-image,module,,,,,,,,,,,,11.388889,,,
gson,9929b6be-0f16-4679-aee9-66472cc3ed68,2026-02-27T10:53:04Z,test-jpms,module,,,,,,,,,,,,0.0,,,
gson,9929b6be-0f16-4679-aee9-66472cc3ed68,2026-02-27T10:53:04Z,test-shrinker,module,,,,,,,,,,,,4.868421,,,
gson,9929b6be-0f16-4679-aee9-66472cc3ed68,2026-02-27T11:00:40Z,extras,module,,,,,,,,,,,,,6.333333,,
gson,9929b6be-0f16-4679-aee9-66472cc3ed68,2026-02-27T11:00:40Z,gson,module,,,,,,,,,,,,,22.266968,,
gson,9929b6be-0f16-4679-aee9-66472cc3ed68,2026-02-27T11:00:40Z,metrics,module,,,,,,,,,,,,,2.555556,,
gson,9929b6be-0f16-4679-aee9-66472cc3ed68,2026-02-27T11:00:40Z,proto,module,,,,,,,,,,,,,18.0,,
gson,9929b6be-0f16-4679-aee9-66472cc3ed68,2026-02-27T11:00:40Z,test-graal-native-image,module,,,,,,,,,,,,,0.0,,
gson,9929b6be-0f16-4679-aee9-66472cc3ed68,2026-02-27T11:00:40Z,test-jpms,module,,,,,,,,,,,,,0.0,,
gson,9929b6be-0f16-4679-aee9-66472cc3ed68,2026-02-27T11:00:40Z,test-shrinker,module,,,,,,,,,,,,,33.052632,,
gson,c263e45c-541e-43a3-8b9f-a5c2268ca973,2026-02-27T10:59:41Z,extras,module,,,,,,,,,,,,,6.333333,,
gson,c263e45c-541e-43a3-8b9f-a5c2268ca973,2026-02-27T10:59:41Z,gson,module,,,,,,,,,,,,,22.266968,,
gson,c263e45c-541e-43a3-8b9f-a5c2268ca973,2026-02-27T10:59:41Z,metrics,module,,,,,,,,,,,,,2.555556,,
gson,c263e45c-541e-43a3-8b9f-a5c2268ca973,2026-02-27T10:59:41Z,proto,module,,,,,,,,,,,,,18.0,,
gson,c263e45c-541e-43a3-8b9f-a5c2268ca973,2026-02-27T10:59:41Z,test-graal-native-image,module,,,,,,,,,,,,,0.0,,
gson,c263e45c-541e-43a3-8b9f-a5c2268ca973,2026-02-27T10:59:41Z,test-jpms,module,,,,,,,,,,,,,0.0,,
gson,c263e45c-541e-43a3-8b9f-a5c2268ca973,2026-02-27T10:59:41Z,test-shrinker,module,,,,,,,,,,,,,33.052632,,
guava,030e2a2b-218c-483d-a0fc-5676e8a16697,2026-02-27T11:16:43Z,?,module,,0.0,,,,,0.0,,,,0.0,,,,
guava,030e2a2b-218c-483d-a0fc-5676e8a16697,2026-02-27T11:16:43Z,guava-bom,module,,0.0,,,,,0.0,,,,0.0,,,,
guava,030e2a2b-218c-483d-a0fc-5676e8a16697,2026-02-27T11:16:43Z,integration-tests,module,,0.0,,,,,0.0,,,,0.0,,,,
guava,030e2a2b-218c-483d-a0fc-5676e8a16697,2026-02-27T11:16:43Z,proguard,module,,0.0,,,,,0.0,,,,0.0,,,,
guava,030e2a2b-218c-483d-a0fc-5676e8a16697,2026-02-27T11:16:43Z,util,module,,0.0,,,,,0.0,,,,0.0,,,,
guava,030e2a2b-218c-483d-a0fc-5676e8a16697,2026-02-27T11:17:17Z,?,module,,,,,,,,,,0.0,,,,,
guava,030e2a2b-218c-483d-a0fc-5676e8a16697,2026-02-27T11:17:17Z,guava-bom,module,,,,,,,,,,0.0,,,,,
guava,030e2a2b-218c-483d-a0fc-5676e8a16697,2026-02-27T11:17:17Z,integration-tests,module,,,,,,,,,,0.0,,,,,
guava,030e2a2b-218c-483d-a0fc-5676e8a16697,2026-02-27T11:17:17Z,proguard,module,,,,,,,,,,0.0,,,,,
guava,030e2a2b-218c-483d-a0fc-5676e8a16697,2026-02-27T11:17:17Z,util,module,,,,,,,,,,0.0,,,,,
guava,3b3891b5-75b4-4f68-8e64-e83d63db6a72,2026-02-27T11:03:21Z,?,module,,,,,,,,,,,,0.0,,,
guava,3b3891b5-75b4-4f68-8e64-e83d63db6a72,2026-02-27T11:03:21Z,android,module,,,,,,,,,,,,50.195312,,,
guava,3b3891b5-75b4-4f68-8e64-e83d63db6a72,2026-02-27T11:03:21Z,futures,module,,,,,,,,,,,,0.666667,,,
guava,3b3891b5-75b4-4f68-8e64-e83d63db6a72,2026-02-27T11:03:21Z,guava,module,,,,,,,,,,,,45.480738,,,
guava,3b3891b5-75b4-4f68-8e64-e83d63db6a72,2026-02-27T11:03:21Z,guava-bom,module,,,,,,,,,,,,0.0,,,
guava,3b3891b5-75b4-4f68-8e64-e83d63db6a72,2026-02-27T11:03:21Z,guava-gwt,module,,,,,,,,,,,,47.847619,,,
guava,3b3891b5-75b4-4f68-8e64-e83d63db6a72,2026-02-27T11:03:21Z,guava-testlib,module,,,,,,,,,,,,26.785992,,,
guava,3b3891b5-75b4-4f68-8e64-e83d63db6a72,2026-02-27T11:03:21Z,guava-tests,module,,,,,,,,,,,,59.565382,,,
guava,3b3891b5-75b4-4f68-8e64-e83d63db6a72,2026-02-27T11:03:21Z,integration-tests,module,,,,,,,,,,,,0.0,,,
guava,3b3891b5-75b4-4f68-8e64-e83d63db6a72,2026-02-27T11:03:21Z,proguard,module,,,,,,,,,,,,0.0,,,
guava,3b3891b5-75b4-4f68-8e64-e83d63db6a72,2026-02-27T11:03:21Z,util,module,,,,,,,,,,,,0.0,,,
guava,3b3891b5-75b4-4f68-8e64-e83d63db6a72,2026-02-27T11:04:52Z,?,module,,,,,,,,,,,,,0.0,,
guava,3b3891b5-75b4-4f68-8e64-e83d63db6a72,2026-02-27T11:04:52Z,android,module,,,,,,,,,,,,,0.0,,
guava,3b3891b5-75b4-4f68-8e64-e83d63db6a72,2026-02-27T11:04:52Z,futures,module,,,,,,,,,,,,,0.0,,
guava,3b3891b5-75b4-4f68-8e64-e83d63db6a72,2026-02-27T11:04:52Z,guava,module,,,,,,,,,,,,,62.526235,,
guava,3b3891b5-75b4-4f68-8e64-e83d63db6a72,2026-02-27T11:04:52Z,guava-bom,module,,,,,,,,,,,,,0.0,,
guava,3b3891b5-75b4-4f68-8e64-e83d63db6a72,2026-02-27T11:04:52Z,guava-gwt,module,,,,,,,,,,,,,0.0,,
guava,3b3891b5-75b4-4f68-8e64-e83d63db6a72,2026-02-27T11:04:52Z,guava-testlib,module,,,,,,,,,,,,,46.911076,,
guava,3b3891b5-75b4-4f68-8e64-e83d63db6a72,2026-02-27T11:04:52Z,guava-tests,module,,,,,,,,,,,,,0.0,,
guava,3b3891b5-75b4-4f68-8e64-e83d63db6a72,2026-02-27T11:04:52Z,integration-tests,module,,,,,,,,,,,,,0.0,,
guava,3b3891b5-75b4-4f68-8e64-e83d63db6a72,2026-02-27T11:04:52Z,proguard,module,,,,,,,,,,,,,0.0,,
guava,3b3891b5-75b4-4f68-8e64-e83d63db6a72,2026-02-27T11:04:52Z,util,module,,,,,,,,,,,,,0.0,,
guava,4671899e-8e10-4968-9b8e-7c632f591567,2026-02-27T11:23:21Z,?,module,,0.0,,,,,0.0,,,,0.0,,,,
guava,4671899e-8e10-4968-9b8e-7c632f591567,2026-02-27T11:23:21Z,guava,module,,44.0,,,,,183.0,,,,0.806167,,,,
guava,4671899e-8e10-4968-9b8e-7c632f591567,2026-02-27T11:23:21Z,guava-bom,module,,0.0,,,,,0.0,,,,0.0,,,,
guava,4671899e-8e10-4968-9b8e-7c632f591567,2026-02-27T11:23:21Z,guava-testlib,module,,11.0,,,,,75.0,,,,0.872093,,,,
guava,4671899e-8e10-4968-9b8e-7c632f591567,2026-02-27T11:23:21Z,integration-tests,module,,0.0,,,,,0.0,,,,0.0,,,,
guava,4671899e-8e10-4968-9b8e-7c632f591567,2026-02-27T11:23:21Z,proguard,module,,0.0,,,,,0.0,,,,0.0,,,,
guava,4671899e-8e10-4968-9b8e-7c632f591567,2026-02-27T11:23:21Z,util,module,,0.0,,,,,0.0,,,,0.0,,,,
guava,4671899e-8e10-4968-9b8e-7c632f591567,2026-02-27T11:23:45Z,?,module,,,,,,,,,,0.0,,,,,
guava,4671899e-8e10-4968-9b8e-7c632f591567,2026-02-27T11:23:45Z,guava,module,,,,,,,,,,0.806167,,,,,
guava,4671899e-8e10-4968-9b8e-7c632f591567,2026-02-27T11:23:45Z,guava-bom,module,,,,,,,,,,0.0,,,,,
guava,4671899e-8e10-4968-9b8e-7c632f591567,2026-02-27T11:23:45Z,guava-testlib,module,,,,,,,,,,0.872093,,,,,
guava,4671899e-8e10-4968-9b8e-7c632f591567,2026-02-27T11:23:45Z,integration-tests,module,,,,,,,,,,0.0,,,,,
guava,4671899e-8e10-4968-9b8e-7c632f591567,2026-02-27T11:23:45Z,proguard,module,,,,,,,,,,0.0,,,,,
guava,4671899e-8e10-4968-9b8e-7c632f591567,2026-02-27T11:23:45Z,util,module,,,,,,,,,,0.0,,,,,
guava,5870895b-b82d-493e-8c96-985f04d264a4,2026-02-27T11:01:31Z,?,module,,,,,,,,,,,,,0.0,,
guava,5870895b-b82d-493e-8c96-985f04d264a4,2026-02-27T11:01:31Z,android,module,,,,,,,,,,,,,0.0,,
guava,5870895b-b82d-493e-8c96-985f04d264a4,2026-02-27T11:01:31Z,futures,module,,,,,,,,,,,,,0.0,,
guava,5870895b-b82d-493e-8c96-985f04d264a4,2026-02-27T11:01:31Z,guava,module,,,,,,,,,,,,,62.526235,,
guava,5870895b-b82d-493e-8c96-985f04d264a4,2026-02-27T11:01:31Z,guava-bom,module,,,,,,,,,,,,,0.0,,
guava,5870895b-b82d-493e-8c96-985f04d264a4,2026-02-27T11:01:31Z,guava-gwt,module,,,,,,,,,,,,,0.0,,
guava,5870895b-b82d-493e-8c96-985f04d264a4,2026-02-27T11:01:31Z,guava-testlib,module,,,,,,,,,,,,,46.911076,,
guava,5870895b-b82d-493e-8c96-985f04d264a4,2026-02-27T11:01:31Z,guava-tests,module,,,,,,,,,,,,,0.0,,
guava,5870895b-b82d-493e-8c96-985f04d264a4,2026-02-27T11:01:31Z,integration-tests,module,,,,,,,,,,,,,0.0,,
guava,5870895b-b82d-493e-8c96-985f04d264a4,2026-02-27T11:01:31Z,proguard,module,,,,,,,,,,,,,0.0,,
guava,5870895b-b82d-493e-8c96-985f04d264a4,2026-02-27T11:01:31Z,util,module,,,,,,,,,,,,,0.0,,
guava,9929b6be-0f16-4679-aee9-66472cc3ed68,2026-02-27T10:47:38Z,android,module,,,,,1.721198,,,,,,,,,,
guava,9929b6be-0f16-4679-aee9-66472cc3ed68,2026-02-27T10:47:38Z,futures,module,,,,,1.0,,,,,,,,,,
guava,9929b6be-0f16-4679-aee9-66472cc3ed68,2026-02-27T10:47:38Z,guava,module,,,,,1.680951,,,,,,,,,,
guava,9929b6be-0f16-4679-aee9-66472cc3ed68,2026-02-27T10:47:38Z,guava-gwt,module,,,,,1.410684,,,,,,,,,,
guava,9929b6be-0f16-4679-aee9-66472cc3ed68,2026-02-27T10:47:38Z,guava-tests,module,,,,,2.148073,,,,,,,,,,
guava,9929b6be-0f16-4679-aee9-66472cc3ed68,2026-02-27T10:47:38Z,integration-tests,module,,,,,1.0,,,,,,,,,,
guava,9929b6be-0f16-4679-aee9-66472cc3ed68,2026-02-27T10:47:54Z,?,module,,,,,,,,,,,,,,0.0,0.0
guava,9929b6be-0f16-4679-aee9-66472cc3ed68,2026-02-27T10:47:54Z,android,module,,,,1.55189,,,,,,,,,,16795.0,26064.0
guava,9929b6be-0f16-4679-aee9-66472cc3ed68,2026-02-27T10:47:54Z,futures,module,,,,1.0,,,,,,,,,,5.0,5.0
guava,9929b6be-0f16-4679-aee9-66472cc3ed68,2026-02-27T10:47:54Z,guava,module,,,,1.595756,,,,,,,,,,12960.0,20681.0
guava,9929b6be-0f16-4679-aee9-66472cc3ed68,2026-02-27T10:47:54Z,guava-bom,module,,,,,,,,,,,,,,0.0,0.0
guava,9929b6be-0f16-4679-aee9-66472cc3ed68,2026-02-27T10:47:54Z,guava-gwt,module,,,,1.304539,,,,,,,,,,683.0,891.0
guava,9929b6be-0f16-4679-aee9-66472cc3ed68,2026-02-27T10:47:54Z,guava-testlib,module,,,,,,,,,,,,,,0.0,0.0
guava,9929b6be-0f16-4679-aee9-66472cc3ed68,2026-02-27T10:47:54Z,guava-tests,module,,,,1.351161,,,,,,,,,,4263.0,5760.0
guava,9929b6be-0f16-4679-aee9-66472cc3ed68,2026-02-27T10:47:54Z,integration-tests,module,,,,,,,,,,,,,,0.0,0.0
guava,9929b6be-0f16-4679-aee9-66472cc3ed68,2026-02-27T10:47:54Z,proguard,module,,,,,,,,,,,,,,0.0,0.0
guava,9929b6be-0f16-4679-aee9-66472cc3ed68,2026-02-27T10:47:54Z,util,module,,,,,,,,,,,,,,0.0,0.0
guava,9929b6be-0f16-4679-aee9-66472cc3ed68,2026-02-27T10:49:11Z,?,module,,0.0,,,,,0.0,,,,0.0,,,,
guava,9929b6be-0f16-4679-aee9-66472cc3ed68,2026-02-27T10:49:11Z,android,module,,70.0,,,,,70.0,,,,0.5,,,,
guava,9929b6be-0f16-4679-aee9-66472cc3ed68,2026-02-27T10:49:11Z,futures,module,,0.0,,,,,0.0,,,,0.0,,,,
guava,9929b6be-0f16-4679-aee9-66472cc3ed68,2026-02-27T10:49:11Z,guava,module,,66.0,,,,,66.0,,,,0.5,,,,
guava,9929b6be-0f16-4679-aee9-66472cc3ed68,2026-02-27T10:49:11Z,guava-bom,module,,0.0,,,,,0.0,,,,0.0,,,,
guava,9929b6be-0f16-4679-aee9-66472cc3ed68,2026-02-27T10:49:11Z,guava-gwt,module,,7.0,,,,,7.0,,,,0.5,,,,
guava,9929b6be-0f16-4679-aee9-66472cc3ed68,2026-02-27T10:49:11Z,guava-testlib,module,,0.0,,,,,0.0,,,,0.0,,,,
guava,9929b6be-0f16-4679-aee9-66472cc3ed68,2026-02-27T10:49:11Z,guava-tests,module,,14.0,,,,,14.0,,,,0.5,,,,
guava,9929b6be-0f16-4679-aee9-66472cc3ed68,2026-02-27T10:49:11Z,integration-tests,module,,0.0,,,,,0.0,,,,0.0,,,,
guava,9929b6be-0f16-4679-aee9-66472cc3ed68,2026-02-27T10:49:11Z,proguard,module,,0.0,,,,,0.0,,,,0.0,,,,
guava,9929b6be-0f16-4679-aee9-66472cc3ed68,2026-02-27T10:49:11Z,util,module,,0.0,,,,,0.0,,,,0.0,,,,
guava,9929b6be-0f16-4679-aee9-66472cc3ed68,2026-02-27T10:49:48Z,?,module,0.0,,0.0,,,0.0,,0.0,,,,,,,
guava,9929b6be-0f16-4679-aee9-66472cc3ed68,2026-02-27T10:49:48Z,android,module,7351.0,,24863.0,,,24866.0,,0.771829,,,,,,,
guava,9929b6be-0f16-4679-aee9-66472cc3ed68,2026-02-27T10:49:48Z,futures,module,1.0,,5.0,,,5.0,,0.833333,,,,,,,
guava,9929b6be-0f16-4679-aee9-66472cc3ed68,2026-02-27T10:49:48Z,guava,module,4214.0,,12255.0,,,12258.0,,0.744172,,,,,,,
guava,9929b6be-0f16-4679-aee9-66472cc3ed68,2026-02-27T10:49:48Z,guava-bom,module,0.0,,0.0,,,0.0,,0.0,,,,,,,
guava,9929b6be-0f16-4679-aee9-66472cc3ed68,2026-02-27T10:49:48Z,guava-gwt,module,133.0,,505.0,,,505.0,,0.791536,,,,,,,
guava,9929b6be-0f16-4679-aee9-66472cc3ed68,2026-02-27T10:49:48Z,guava-testlib,module,1511.0,,4621.0,,,4621.0,,0.753588,,,,,,,
guava,9929b6be-0f16-4679-aee9-66472cc3ed68,2026-02-27T10:49:48Z,guava-tests,module,890.0,,8964.0,,,8964.0,,0.909681,,,,,,,
guava,9929b6be-0f16-4679-aee9-66472cc3ed68,2026-02-27T10:49:48Z,integration-tests,module,0.0,,0.0,,,0.0,,0.0,,,,,,,
guava,9929b6be-0f16-4679-aee9-66472cc3ed68,2026-02-27T10:49:48Z,proguard,module,0.0,,0.0,,,0.0,,0.0,,,,,,,
guava,9929b6be-0f16-4679-aee9-66472cc3ed68,2026-02-27T10:49:48Z,util,module,0.0,,0.0,,,0.0,,0.0,,,,,,,
guava,9929b6be-0f16-4679-aee9-66472cc3ed68,2026-02-27T10:51:06Z,?,module,,,,,,,,,,0.0,,,,,
guava,9929b6be-0f16-4679-aee9-66472cc3ed68,2026-02-27T10:51:06Z,android,module,,,,,,,,,,0.600996,,,,,
guava,9929b6be-0f16-4679-aee9-66472cc3ed68,2026-02-27T10:51:06Z,futures,module,,,,,,,,,,0.0,,,,,
guava,9929b6be-0f16-4679-aee9-66472cc3ed68,2026-02-27T10:51:06Z,guava,module,,,,,,,,,,0.596517,,,,,
guava,9929b6be-0f16-4679-aee9-66472cc3ed68,2026-02-27T10:51:06Z,guava-bom,module,,,,,,,,,,0.0,,,,,
guava,9929b6be-0f16-4679-aee9-66472cc3ed68,2026-02-27T10:51:06Z,guava-gwt,module,,,,,,,,,,0.309524,,,,,
guava,9929b6be-0f16-4679-aee9-66472cc3ed68,2026-02-27T10:51:06Z,guava-testlib,module,,,,,,,,,,0.0,,,,,
guava,9929b6be-0f16-4679-aee9-66472cc3ed68,2026-02-27T10:51:06Z,guava-tests,module,,,,,,,,,,0.453704,,,,,
guava,9929b6be-0f16-4679-aee9-66472cc3ed68,2026-02-27T10:51:06Z,integration-tests,module,,,,,,,,,,0.0,,,,,
guava,9929b6be-0f16-4679-aee9-66472cc3ed68,2026-02-27T10:51:06Z,proguard,module,,,,,,,,,,0.0,,,,,
guava,9929b6be-0f16-4679-aee9-66472cc3ed68,2026-02-27T10:51:06Z,util,module,,,,,,,,,,0.0,,,,,
guava,9929b6be-0f16-4679-aee9-66472cc3ed68,2026-02-27T10:51:45Z,?,module,,,,,,,,,0.0,,,,,,
guava,9929b6be-0f16-4679-aee9-66472cc3ed68,2026-02-27T10:51:45Z,android,module,,,,,,,,,0.675175,,,,,,
guava,9929b6be-0f16-4679-aee9-66472cc3ed68,2026-02-27T10:51:45Z,futures,module,,,,,,,,,0.666667,,,,,,
guava,9929b6be-0f16-4679-aee9-66472cc3ed68,2026-02-27T10:51:45Z,guava,module,,,,,,,,,0.864156,,,,,,
guava,9929b6be-0f16-4679-aee9-66472cc3ed68,2026-02-27T10:51:45Z,guava-bom,module,,,,,,,,,0.0,,,,,,
guava,9929b6be-0f16-4679-aee9-66472cc3ed68,2026-02-27T10:51:45Z,guava-gwt,module,,,,,,,,,0.886666,,,,,,
guava,9929b6be-0f16-4679-aee9-66472cc3ed68,2026-02-27T10:51:45Z,guava-testlib,module,,,,,,,,,0.725142,,,,,,
guava,9929b6be-0f16-4679-aee9-66472cc3ed68,2026-02-27T10:51:45Z,guava-tests,module,,,,,,,,,0.57389,,,,,,
guava,9929b6be-0f16-4679-aee9-66472cc3ed68,2026-02-27T10:51:45Z,integration-tests,module,,,,,,,,,0.0,,,,,,
guava,9929b6be-0f16-4679-aee9-66472cc3ed68,2026-02-27T10:51:45Z,proguard,module,,,,,,,,,0.0,,,,,,
guava,9929b6be-0f16-4679-aee9-66472cc3ed68,2026-02-27T10:51:45Z,util,module,,,,,,,,,0.0,,,,,,
guava,9929b6be-0f16-4679-aee9-66472cc3ed68,2026-02-27T10:53:04Z,?,module,,,,,,,,,,,,0.0,,,
guava,9929b6be-0f16-4679-aee9-66472cc3ed68,2026-02-27T10:53:04Z,android,module,,,,,,,,,,,,50.195312,,,
guava,9929b6be-0f16-4679-aee9-66472cc3ed68,2026-02-27T10:53:04Z,futures,module,,,,,,,,,,,,0.666667,,,
guava,9929b6be-0f16-4679-aee9-66472cc3ed68,2026-02-27T10:53:04Z,guava,module,,,,,,,,,,,,45.480738,,,
guava,9929b6be-0f16-4679-aee9-66472cc3ed68,2026-02-27T10:53:04Z,guava-bom,module,,,,,,,,,,,,0.0,,,
guava,9929b6be-0f16-4679-aee9-66472cc3ed68,2026-02-27T10:53:04Z,guava-gwt,module,,,,,,,,,,,,47.847619,,,
guava,9929b6be-0f16-4679-aee9-66472cc3ed68,2026-02-27T10:53:04Z,guava-testlib,module,,,,,,,,,,,,26.785992,,,
guava,9929b6be-0f16-4679-aee9-66472cc3ed68,2026-02-27T10:53:04Z,guava-tests,module,,,,,,,,,,,,59.565382,,,
guava,9929b6be-0f16-4679-aee9-66472cc3ed68,2026-02-27T10:53:04Z,integration-tests,module,,,,,,,,,,,,0.0,,,
guava,9929b6be-0f16-4679-aee9-66472cc3ed68,2026-02-27T10:53:04Z,proguard,module,,,,,,,,,,,,0.0,,,
guava,9929b6be-0f16-4679-aee9-66472cc3ed68,2026-02-27T10:53:04Z,util,module,,,,,,,,,,,,0.0,,,
guava,9929b6be-0f16-4679-aee9-66472cc3ed68,2026-02-27T11:00:40Z,?,module,,,,,,,,,,,,,0.0,,
guava,9929b6be-0f16-4679-aee9-66472cc3ed68,2026-02-27T11:00:40Z,android,module,,,,,,,,,,,,,0.0,,
guava,9929b6be-0f16-4679-aee9-66472cc3ed68,2026-02-27T11:00:40Z,futures,module,,,,,,,,,,,,,0.0,,
guava,9929b6be-0f16-4679-aee9-66472cc3ed68,2026-02-27T11:00:40Z,guava,module,,,,,,,,,,,,,62.526235,,
guava,9929b6be-0f16-4679-aee9-66472cc3ed68,2026-02-27T11:00:40Z,guava-bom,module,,,,,,,,,,,,,0.0,,
guava,9929b6be-0f16-4679-aee9-66472cc3ed68,2026-02-27T11:00:40Z,guava-gwt,module,,,,,,,,,,,,,0.0,,
guava,9929b6be-0f16-4679-aee9-66472cc3ed68,2026-02-27T11:00:40Z,guava-testlib,module,,,,,,,,,,,,,46.911076,,
guava,9929b6be-0f16-4679-aee9-66472cc3ed68,2026-02-27T11:00:40Z,guava-tests,module,,,,,,,,,,,,,0.0,,
guava,9929b6be-0f16-4679-aee9-66472cc3ed68,2026-02-27T11:00:40Z,integration-tests,module,,,,,,,,,,,,,0.0,,
guava,9929b6be-0f16-4679-aee9-66472cc3ed68,2026-02-27T11:00:40Z,proguard,module,,,,,,,,,,,,,0.0,,
guava,9929b6be-0f16-4679-aee9-66472cc3ed68,2026-02-27T11:00:40Z,util,module,,,,,,,,,,,,,0.0,,
guava,c263e45c-541e-43a3-8b9f-a5c2268ca973,2026-02-27T10:59:41Z,?,module,,,,,,,,,,,,,0.0,,
guava,c263e45c-541e-43a3-8b9f-a5c2268ca973,2026-02-27T10:59:41Z,android,module,,,,,,,,,,,,,0.0,,
guava,c263e45c-541e-43a3-8b9f-a5c2268ca973,2026-02-27T10:59:41Z,futures,module,,,,,,,,,,,,,0.0,,
guava,c263e45c-541e-43a3-8b9f-a5c2268ca973,2026-02-27T10:59:41Z,guava,module,,,,,,,,,,,,,62.526235,,
guava,c263e45c-541e-43a3-8b9f-a5c2268ca973,2026-02-27T10:59:41Z,guava-bom,module,,,,,,,,,,,,,0.0,,
guava,c263e45c-541e-43a3-8b9f-a5c2268ca973,2026-02-27T10:59:41Z,guava-gwt,module,,,,,,,,,,,,,0.0,,
guava,c263e45c-541e-43a3-8b9f-a5c2268ca973,2026-02-27T10:59:41Z,guava-testlib,module,,,,,,,,,,,,,46.911076,,
guava,c263e45c-541e-43a3-8b9f-a5c2268ca973,2026-02-27T10:59:41Z,guava-tests,module,,,,,,,,,,,,,0.0,,
guava,c263e45c-541e-43a3-8b9f-a5c2268ca973,2026-02-27T10:59:41Z,integration-tests,module,,,,,,,,,,,,,0.0,,
guava,c263e45c-541e-43a3-8b9f-a5c2268ca973,2026-02-27T10:59:41Z,proguard,module,,,,,,,,,,,,,0.0,,
guava,c263e45c-541e-43a3-8b9f-a5c2268ca973,2026-02-27T10:59:41Z,util,module,,,,,,,,,,,,,0.0,,
junit5,3b3891b5-75b4-4f68-8e64-e83d63db6a72,2026-02-27T11:03:21Z,junit-jupiter-engine,module,,,,,,,,,,,,28.804054,,,
junit5,3b3891b5-75b4-4f68-8e64-e83d63db6a72,2026-02-27T11:04:52Z,junit-jupiter-engine,module,,,,,,,,,,,,,0.0,,
junit5,5870895b-b82d-493e-8c96-985f04d264a4,2026-02-27T11:01:31Z,junit-jupiter-engine,module,,,,,,,,,,,,,0.0,,
junit5,9929b6be-0f16-4679-aee9-66472cc3ed68,2026-02-27T10:47:38Z,gradlew,module,,,,,1.0,,,,,,,,,,
junit5,9929b6be-0f16-4679-aee9-66472cc3ed68,2026-02-27T10:47:38Z,junit-jupiter-engine,module,,,,,1.416571,,,,,,,,,,
junit5,9929b6be-0f16-4679-aee9-66472cc3ed68,2026-02-27T10:47:38Z,settings.gradle.kts,module,,,,,1.0,,,,,,,,,,
junit5,9929b6be-0f16-4679-aee9-66472cc3ed68,2026-02-27T10:47:54Z,junit-jupiter-engine,module,,,,1.35813,,,,,,,,,,941.0,1278.0
junit5,9929b6be-0f16-4679-aee9-66472cc3ed68,2026-02-27T10:49:11Z,junit-jupiter-engine,module,,17.0,,,,,17.0,,,,0.5,,,,
junit5,9929b6be-0f16-4679-aee9-66472cc3ed68,2026-02-27T10:49:48Z,junit-jupiter-engine,module,405.0,,1269.0,,,1269.0,,0.758065,,,,,,,
junit5,9929b6be-0f16-4679-aee9-66472cc3ed68,2026-02-27T10:51:06Z,junit-jupiter-engine,module,,,,,,,,,,0.48125,,,,,
junit5,9929b6be-0f16-4679-aee9-66472cc3ed68,2026-02-27T10:51:45Z,junit-jupiter-engine,module,,,,,,,,,0.761793,,,,,,
junit5,9929b6be-0f16-4679-aee9-66472cc3ed68,2026-02-27T10:53:04Z,junit-jupiter-engine,module,,,,,,,,,,,,28.804054,,,
junit5,9929b6be-0f16-4679-aee9-66472cc3ed68,2026-02-27T11:00:40Z,junit-jupiter-engine,module,,,,,,,,,,,,,0.0,,
junit5,c263e45c-541e-43a3-8b9f-a5c2268ca973,2026-02-27T10:59:41Z,junit-jupiter-engine,module,,,,,,,,,,,,,0.0,,
okio,030e2a2b-218c-483d-a0fc-5676e8a16697,2026-02-27T11:16:43Z,android-test,module,,0.0,,,,,0.0,,,,0.0,,,,
okio,030e2a2b-218c-483d-a0fc-5676e8a16697,2026-02-27T11:16:43Z,docs,module,,0.0,,,,,0.0,,,,0.0,,,,
okio,030e2a2b-218c-483d-a0fc-5676e8a16697,2026-02-27T11:16:43Z,gradle,module,,0.0,,,,,0.0,,,,0.0,,,,
okio,030e2a2b-218c-483d-a0fc-5676e8a16697,2026-02-27T11:16:43Z,kotlin-js-store,module,,0.0,,,,,0.0,,,,0.0,,,,
okio,030e2a2b-218c-483d-a0fc-5676e8a16697,2026-02-27T11:16:43Z,okio-assetfilesystem,module,,0.0,,,,,0.0,,,,0.0,,,,
okio,030e2a2b-218c-483d-a0fc-5676e8a16697,2026-02-27T11:16:43Z,okio-bom,module,,0.0,,,,,0.0,,,,0.0,,,,
okio,030e2a2b-218c-483d-a0fc-5676e8a16697,2026-02-27T11:16:43Z,okio-fakefilesystem,module,,0.0,,,,,0.0,,,,0.0,,,,
okio,030e2a2b-218c-483d-a0fc-5676e8a16697,2026-02-27T11:16:43Z,okio-nodefilesystem,module,,0.0,,,,,0.0,,,,0.0,,,,
okio,030e2a2b-218c-483d-a0fc-5676e8a16697,2026-02-27T11:16:43Z,okio-testing-support,module,,0.0,,,,,0.0,,,,0.0,,,,
okio,030e2a2b-218c-483d-a0fc-5676e8a16697,2026-02-27T11:16:43Z,okio-wasifilesystem,module,,0.0,,,,,0.0,,,,0.0,,,,
okio,030e2a2b-218c-483d-a0fc-5676e8a16697,2026-02-27T11:17:17Z,android-test,module,,,,,,,,,,0.0,,,,,
okio,030e2a2b-218c-483d-a0fc-5676e8a16697,2026-02-27T11:17:17Z,docs,module,,,,,,,,,,0.0,,,,,
okio,030e2a2b-218c-483d-a0fc-5676e8a16697,2026-02-27T11:17:17Z,gradle,module,,,,,,,,,,0.0,,,,,
okio,030e2a2b-218c-483d-a0fc-5676e8a16697,2026-02-27T11:17:17Z,kotlin-js-store,module,,,,,,,,,,0.0,,,,,
okio,030e2a2b-218c-483d-a0fc-5676e8a16697,2026-02-27T11:17:17Z,okio-assetfilesystem,module,,,,,,,,,,0.0,,,,,
okio,030e2a2b-218c-483d-a0fc-5676e8a16697,2026-02-27T11:17:17Z,okio-bom,module,,,,,,,,,,0.0,,,,,
okio,030e2a2b-218c-483d-a0fc-5676e8a16697,2026-02-27T11:17:17Z,okio-fakefilesystem,module,,,,,,,,,,0.0,,,,,
okio,030e2a2b-218c-483d-a0fc-5676e8a16697,2026-02-27T11:17:17Z,okio-nodefilesystem,module,,,,,,,,,,0.0,,,,,
okio,030e2a2b-218c-483d-a0fc-5676e8a16697,2026-02-27T11:17:17Z,okio-testing-support,module,,,,,,,,,,0.0,,,,,
okio,030e2a2b-218c-483d-a0fc-5676e8a16697,2026-02-27T11:17:17Z,okio-wasifilesystem,module,,,,,,,,,,0.0,,,,,
okio,3b3891b5-75b4-4f68-8e64-e83d63db6a72,2026-02-27T11:03:21Z,android-test,module,,,,,,,,,,,,0.0,,,
okio,3b3891b5-75b4-4f68-8e64-e83d63db6a72,2026-02-27T11:03:21Z,build-support,module,,,,,,,,,,,,0.0,,,
okio,3b3891b5-75b4-4f68-8e64-e83d63db6a72,2026-02-27T11:03:21Z,docs,module,,,,,,,,,,,,0.0,,,
okio,3b3891b5-75b4-4f68-8e64-e83d63db6a72,2026-02-27T11:03:21Z,gradle,module,,,,,,,,,,,,0.0,,,
okio,3b3891b5-75b4-4f68-8e64-e83d63db6a72,2026-02-27T11:03:21Z,kotlin-js-store,module,,,,,,,,,,,,0.0,,,
okio,3b3891b5-75b4-4f68-8e64-e83d63db6a72,2026-02-27T11:03:21Z,okio,module,,,,,,,,,,,,4.277778,,,
okio,3b3891b5-75b4-4f68-8e64-e83d63db6a72,2026-02-27T11:03:21Z,okio-assetfilesystem,module,,,,,,,,,,,,0.0,,,
okio,3b3891b5-75b4-4f68-8e64-e83d63db6a72,2026-02-27T11:03:21Z,okio-bom,module,,,,,,,,,,,,0.0,,,
okio,3b3891b5-75b4-4f68-8e64-e83d63db6a72,2026-02-27T11:03:21Z,okio-fakefilesystem,module,,,,,,,,,,,,0.0,,,
okio,3b3891b5-75b4-4f68-8e64-e83d63db6a72,2026-02-27T11:03:21Z,okio-nodefilesystem,module,,,,,,,,,,,,0.0,,,
okio,3b3891b5-75b4-4f68-8e64-e83d63db6a72,2026-02-27T11:03:21Z,okio-testing-support,module,,,,,,,,,,,,0.0,,,
okio,3b3891b5-75b4-4f68-8e64-e83d63db6a72,2026-02-27T11:03:21Z,okio-wasifilesystem,module,,,,,,,,,,,,0.0,,,
okio,3b3891b5-75b4-4f68-8e64-e83d63db6a72,2026-02-27T11:03:21Z,samples,module,,,,,,,,,,,,2.25,,,
okio,3b3891b5-75b4-4f68-8e64-e83d63db6a72,2026-02-27T11:04:52Z,android-test,module,,,,,,,,,,,,,0.0,,
okio,3b3891b5-75b4-4f68-8e64-e83d63db6a72,2026-02-27T11:04:52Z,build-support,module,,,,,,,,,,,,,16.785714,,
okio,3b3891b5-75b4-4f68-8e64-e83d63db6a72,2026-02-27T11:04:52Z,docs,module,,,,,,,,,,,,,0.0,,
okio,3b3891b5-75b4-4f68-8e64-e83d63db6a72,2026-02-27T11:04:52Z,gradle,module,,,,,,,,,,,,,0.0,,
okio,3b3891b5-75b4-4f68-8e64-e83d63db6a72,2026-02-27T11:04:52Z,kotlin-js-store,module,,,,,,,,,,,,,0.0,,
okio,3b3891b5-75b4-4f68-8e64-e83d63db6a72,2026-02-27T11:04:52Z,okio,module,,,,,,,,,,,,,197.547009,,
okio,3b3891b5-75b4-4f68-8e64-e83d63db6a72,2026-02-27T11:04:52Z,okio-assetfilesystem,module,,,,,,,,,,,,,0.0,,
okio,3b3891b5-75b4-4f68-8e64-e83d63db6a72,2026-02-27T11:04:52Z,okio-bom,module,,,,,,,,,,,,,0.0,,
okio,3b3891b5-75b4-4f68-8e64-e83d63db6a72,2026-02-27T11:04:52Z,okio-fakefilesystem,module,,,,,,,,,,,,,0.0,,
okio,3b3891b5-75b4-4f68-8e64-e83d63db6a72,2026-02-27T11:04:52Z,okio-nodefilesystem,module,,,,,,,,,,,,,0.0,,
okio,3b3891b5-75b4-4f68-8e64-e83d63db6a72,2026-02-27T11:04:52Z,okio-testing-support,module,,,,,,,,,,,,,0.0,,
okio,3b3891b5-75b4-4f68-8e64-e83d63db6a72,2026-02-27T11:04:52Z,okio-wasifilesystem,module,,,,,,,,,,,,,0.0,,
okio,3b3891b5-75b4-4f68-8e64-e83d63db6a72,2026-02-27T11:04:52Z,samples,module,,,,,,,,,,,,,0.0,,
okio,4671899e-8e10-4968-9b8e-7c632f591567,2026-02-27T11:23:21Z,android-test,module,,0.0,,,,,0.0,,,,0.0,,,,
okio,4671899e-8e10-4968-9b8e-7c632f591567,2026-02-27T11:23:21Z,build-support,module,,0.0,,,,,14.0,,,,1.0,,,,
okio,4671899e-8e10-4968-9b8e-7c632f591567,2026-02-27T11:23:21Z,docs,module,,0.0,,,,,0.0,,,,0.0,,,,
okio,4671899e-8e10-4968-9b8e-7c632f591567,2026-02-27T11:23:21Z,gradle,module,,0.0,,,,,0.0,,,,0.0,,,,
okio,4671899e-8e10-4968-9b8e-7c632f591567,2026-02-27T11:23:21Z,kotlin-js-store,module,,0.0,,,,,0.0,,,,0.0,,,,
okio,4671899e-8e10-4968-9b8e-7c632f591567,2026-02-27T11:23:21Z,okio,module,,2.0,,,,,45.0,,,,0.957447,,,,
okio,4671899e-8e10-4968-9b8e-7c632f591567,2026-02-27T11:23:21Z,okio-assetfilesystem,module,,0.0,,,,,0.0,,,,0.0,,,,
okio,4671899e-8e10-4968-9b8e-7c632f591567,2026-02-27T11:23:21Z,okio-bom,module,,0.0,,,,,0.0,,,,0.0,,,,
okio,4671899e-8e10-4968-9b8e-7c632f591567,2026-02-27T11:23:21Z,okio-fakefilesystem,module,,0.0,,,,,0.0,,,,0.0,,,,
okio,4671899e-8e10-4968-9b8e-7c632f591567,2026-02-27T11:23:21Z,okio-nodefilesystem,module,,0.0,,,,,0.0,,,,0.0,,,,
okio,4671899e-8e10-4968-9b8e-7c632f591567,2026-02-27T11:23:21Z,okio-testing-support,module,,0.0,,,,,0.0,,,,0.0,,,,
okio,4671899e-8e10-4968-9b8e-7c632f591567,2026-02-27T11:23:21Z,okio-wasifilesystem,module,,0.0,,,,,0.0,,,,0.0,,,,
okio,4671899e-8e10-4968-9b8e-7c632f591567,2026-02-27T11:23:45Z,android-test,module,,,,,,,,,,0.0,,,,,
okio,4671899e-8e10-4968-9b8e-7c632f591567,2026-02-27T11:23:45Z,build-support,module,,,,,,,,,,1.0,,,,,
okio,4671899e-8e10-4968-9b8e-7c632f591567,2026-02-27T11:23:45Z,docs,module,,,,,,,,,,0.0,,,,,
okio,4671899e-8e10-4968-9b8e-7c632f591567,2026-02-27T11:23:45Z,gradle,module,,,,,,,,,,0.0,,,,,
okio,4671899e-8e10-4968-9b8e-7c632f591567,2026-02-27T11:23:45Z,kotlin-js-store,module,,,,,,,,,,0.0,,,,,
okio,4671899e-8e10-4968-9b8e-7c632f591567,2026-02-27T11:23:45Z,okio,module,,,,,,,,,,0.957447,,,,,
okio,4671899e-8e10-4968-9b8e-7c632f591567,2026-02-27T11:23:45Z,okio-assetfilesystem,module,,,,,,,,,,0.0,,,,,
okio,4671899e-8e10-4968-9b8e-7c632f591567,2026-02-27T11:23:45Z,okio-bom,module,,,,,,,,,,0.0,,,,,
okio,4671899e-8e10-4968-9b8e-7c632f591567,2026-02-27T11:23:45Z,okio-fakefilesystem,module,,,,,,,,,,0.0,,,,,
okio,4671899e-8e10-4968-9b8e-7c632f591567,2026-02-27T11:23:45Z,okio-nodefilesystem,module,,,,,,,,,,0.0,,,,,
okio,4671899e-8e10-4968-9b8e-7c632f591567,2026-02-27T11:23:45Z,okio-testing-support,module,,,,,,,,,,0.0,,,,,
okio,4671899e-8e10-4968-9b8e-7c632f591567,2026-02-27T11:23:45Z,okio-wasifilesystem,module,,,,,,,,,,0.0,,,,,
okio,5870895b-b82d-493e-8c96-985f04d264a4,2026-02-27T11:01:31Z,android-test,module,,,,,,,,,,,,,0.0,,
okio,5870895b-b82d-493e-8c96-985f04d264a4,2026-02-27T11:01:31Z,build-support,module,,,,,,,,,,,,,16.785714,,
okio,5870895b-b82d-493e-8c96-985f04d264a4,2026-02-27T11:01:31Z,docs,module,,,,,,,,,,,,,0.0,,
okio,5870895b-b82d-493e-8c96-985f04d264a4,2026-02-27T11:01:31Z,gradle,module,,,,,,,,,,,,,0.0,,
okio,5870895b-b82d-493e-8c96-985f04d264a4,2026-02-27T11:01:31Z,kotlin-js-store,module,,,,,,,,,,,,,0.0,,
okio,5870895b-b82d-493e-8c96-985f04d264a4,2026-02-27T11:01:31Z,okio,module,,,,,,,,,,,,,197.547009,,
okio,5870895b-b82d-493e-8c96-985f04d264a4,2026-02-27T11:01:31Z,okio-assetfilesystem,module,,,,,,,,,,,,,0.0,,
okio,5870895b-b82d-493e-8c96-985f04d264a4,2026-02-27T11:01:31Z,okio-bom,module,,,,,,,,,,,,,0.0,,
okio,5870895b-b82d-493e-8c96-985f04d264a4,2026-02-27T11:01:31Z,okio-fakefilesystem,module,,,,,,,,,,,,,0.0,,
okio,5870895b-b82d-493e-8c96-985f04d264a4,2026-02-27T11:01:31Z,okio-nodefilesystem,module,,,,,,,,,,,,,0.0,,
okio,5870895b-b82d-493e-8c96-985f04d264a4,2026-02-27T11:01:31Z,okio-testing-support,module,,,,,,,,,,,,,0.0,,
okio,5870895b-b82d-493e-8c96-985f04d264a4,2026-02-27T11:01:31Z,okio-wasifilesystem,module,,,,,,,,,,,,,0.0,,
okio,5870895b-b82d-493e-8c96-985f04d264a4,2026-02-27T11:01:31Z,samples,module,,,,,,,,,,,,,0.0,,
okio,9929b6be-0f16-4679-aee9-66472cc3ed68,2026-02-27T10:47:38Z,build-support,module,,,,,1.75,,,,,,,,,,
okio,9929b6be-0f16-4679-aee9-66472cc3ed68,2026-02-27T10:47:38Z,build.gradle.kts,module,,,,,1.625,,,,,,,,,,
okio,9929b6be-0f16-4679-aee9-66472cc3ed68,2026-02-27T10:47:38Z,gradlew,module,,,,,1.0,,,,,,,,,,
okio,9929b6be-0f16-4679-aee9-66472cc3ed68,2026-02-27T10:47:38Z,okio,module,,,,,1.528861,,,,,,,,,,
okio,9929b6be-0f16-4679-aee9-66472cc3ed68,2026-02-27T10:47:38Z,okio-assetfilesystem,module,,,,,1.290909,,,,,,,,,,
okio,9929b6be-0f16-4679-aee9-66472cc3ed68,2026-02-27T10:47:38Z,okio-fakefilesystem,module,,,,,2.634146,,,,,,,,,,
okio,9929b6be-0f16-4679-aee9-66472cc3ed68,2026-02-27T10:47:38Z,okio-nodefilesystem,module,,,,,2.444444,,,,,,,,,,
okio,9929b6be-0f16-4679-aee9-66472cc3ed68,2026-02-27T10:47:38Z,okio-testing-support,module,,,,,1.695652,,,,,,,,,,
okio,9929b6be-0f16-4679-aee9-66472cc3ed68,2026-02-27T10:47:38Z,okio-wasifilesystem,module,,,,,1.897059,,,,,,,,,,
okio,9929b6be-0f16-4679-aee9-66472cc3ed68,2026-02-27T10:47:38Z,samples,module,,,,,1.853147,,,,,,,,,,
okio,9929b6be-0f16-4679-aee9-66472cc3ed68,2026-02-27T10:47:54Z,android-test,module,,,,,,,,,,,,,,0.0,0.0
okio,9929b6be-0f16-4679-aee9-66472cc3ed68,2026-02-27T10:47:54Z,build-support,module,,,,,,,,,,,,,,0.0,0.0
okio,9929b6be-0f16-4679-aee9-66472cc3ed68,2026-02-27T10:47:54Z,docs,module,,,,,,,,,,,,,,0.0,0.0
okio,9929b6be-0f16-4679-aee9-66472cc3ed68,2026-02-27T10:47:54Z,gradle,module,,,,,,,,,,,,,,0.0,0.0
okio,9929b6be-0f16-4679-aee9-66472cc3ed68,2026-02-27T10:47:54Z,kotlin-js-store,module,,,,,,,,,,,,,,0.0,0.0
okio,9929b6be-0f16-4679-aee9-66472cc3ed68,2026-02-27T10:47:54Z,okio,module,,,,1.205128,,,,,,,,,,78.0,94.0
okio,9929b6be-0f16-4679-aee9-66472cc3ed68,2026-02-27T10:47:54Z,okio-assetfilesystem,module,,,,,,,,,,,,,,0.0,0.0
okio,9929b6be-0f16-4679-aee9-66472cc3ed68,2026-02-27T10:47:54Z,okio-bom,module,,,,,,,,,,,,,,0.0,0.0
okio,9929b6be-0f16-4679-aee9-66472cc3ed68,2026-02-27T10:47:54Z,okio-fakefilesystem,module,,,,,,,,,,,,,,0.0,0.0
okio,9929b6be-0f16-4679-aee9-66472cc3ed68,2026-02-27T10:47:54Z,okio-nodefilesystem,module,,,,,,,,,,,,,,0.0,0.0
okio,9929b6be-0f16-4679-aee9-66472cc3ed68,2026-02-27T10:47:54Z,okio-testing-support,module,,,,,,,,,,,,,,0.0,0.0
okio,9929b6be-0f16-4679-aee9-66472cc3ed68,2026-02-27T10:47:54Z,okio-wasifilesystem,module,,,,,,,,,,,,,,0.0,0.0
okio,9929b6be-0f16-4679-aee9-66472cc3ed68,2026-02-27T10:47:54Z,samples,module,,,,1.940476,,,,,,,,,,84.0,163.0
okio,9929b6be-0f16-4679-aee9-66472cc3ed68,2026-02-27T10:49:11Z,android-test,module,,0.0,,,,,0.0,,,,0.0,,,,
okio,9929b6be-0f16-4679-aee9-66472cc3ed68,2026-02-27T10:49:11Z,build-support,module,,0.0,,,,,0.0,,,,0.0,,,,
okio,9929b6be-0f16-4679-aee9-66472cc3ed68,2026-02-27T10:49:11Z,docs,module,,0.0,,,,,0.0,,,,0.0,,,,
okio,9929b6be-0f16-4679-aee9-66472cc3ed68,2026-02-27T10:49:11Z,gradle,module,,0.0,,,,,0.0,,,,0.0,,,,
okio,9929b6be-0f16-4679-aee9-66472cc3ed68,2026-02-27T10:49:11Z,kotlin-js-store,module,,0.0,,,,,0.0,,,,0.0,,,,
okio,9929b6be-0f16-4679-aee9-66472cc3ed68,2026-02-27T10:49:11Z,okio,module,,0.0,,,,,0.0,,,,0.0,,,,
okio,9929b6be-0f16-4679-aee9-66472cc3ed68,2026-02-27T10:49:11Z,okio-assetfilesystem,module,,0.0,,,,,0.0,,,,0.0,,,,
okio,9929b6be-0f16-4679-aee9-66472cc3ed68,2026-02-27T10:49:11Z,okio-bom,module,,0.0,,,,,0.0,,,,0.0,,,,
okio,9929b6be-0f16-4679-aee9-66472cc3ed68,2026-02-27T10:49:11Z,okio-fakefilesystem,module,,0.0,,,,,0.0,,,,0.0,,,,
okio,9929b6be-0f16-4679-aee9-66472cc3ed68,2026-02-27T10:49:11Z,okio-nodefilesystem,module,,0.0,,,,,0.0,,,,0.0,,,,
okio,9929b6be-0f16-4679-aee9-66472cc3ed68,2026-02-27T10:49:11Z,okio-testing-support,module,,0.0,,,,,0.0,,,,0.0,,,,
okio,9929b6be-0f16-4679-aee9-66472cc3ed68,2026-02-27T10:49:11Z,okio-wasifilesystem,module,,0.0,,,,,0.0,,,,0.0,,,,
okio,9929b6be-0f16-4679-aee9-66472cc3ed68,2026-02-27T10:49:11Z,samples,module,,0.0,,,,,0.0,,,,0.0,,,,
okio,9929b6be-0f16-4679-aee9-66472cc3ed68,2026-02-27T10:49:48Z,android-test,module,0.0,,0.0,,,0.0,,0.0,,,,,,,
okio,9929b6be-0f16-4679-aee9-66472cc3ed68,2026-02-27T10:49:48Z,build-support,module,0.0,,0.0,,,0.0,,0.0,,,,,,,
okio,9929b6be-0f16-4679-aee9-66472cc3ed68,2026-02-27T10:49:48Z,docs,module,0.0,,0.0,,,0.0,,0.0,,,,,,,
okio,9929b6be-0f16-4679-aee9-66472cc3ed68,2026-02-27T10:49:48Z,gradle,module,0.0,,0.0,,,0.0,,0.0,,,,,,,
okio,9929b6be-0f16-4679-aee9-66472cc3ed68,2026-02-27T10:49:48Z,kotlin-js-store,module,0.0,,0.0,,,0.0,,0.0,,,,,,,
okio,9929b6be-0f16-4679-aee9-66472cc3ed68,2026-02-27T10:49:48Z,okio,module,14.0,,172.0,,,172.0,,0.924731,,,,,,,
okio,9929b6be-0f16-4679-aee9-66472cc3ed68,2026-02-27T10:49:48Z,okio-assetfilesystem,module,0.0,,0.0,,,0.0,,0.0,,,,,,,
okio,9929b6be-0f16-4679-aee9-66472cc3ed68,2026-02-27T10:49:48Z,okio-bom,module,0.0,,0.0,,,0.0,,0.0,,,,,,,
okio,9929b6be-0f16-4679-aee9-66472cc3ed68,2026-02-27T10:49:48Z,okio-fakefilesystem,module,0.0,,0.0,,,0.0,,0.0,,,,,,,
okio,9929b6be-0f16-4679-aee9-66472cc3ed68,2026-02-27T10:49:48Z,okio-nodefilesystem,module,0.0,,0.0,,,0.0,,0.0,,,,,,,
okio,9929b6be-0f16-4679-aee9-66472cc3ed68,2026-02-27T10:49:48Z,okio-testing-support,module,0.0,,0.0,,,0.0,,0.0,,,,,,,
okio,9929b6be-0f16-4679-aee9-66472cc3ed68,2026-02-27T10:49:48Z,okio-wasifilesystem,module,0.0,,0.0,,,0.0,,0.0,,,,,,,
okio,9929b6be-0f16-4679-aee9-66472cc3ed68,2026-02-27T10:49:48Z,samples,module,12.0,,81.0,,,81.0,,0.870968,,,,,,,
okio,9929b6be-0f16-4679-aee9-66472cc3ed68,2026-02-27T10:51:06Z,android-test,module,,,,,,,,,,0.0,,,,,
okio,9929b6be-0f16-4679-aee9-66472cc3ed68,2026-02-27T10:51:06Z,build-support,module,,,,,,,,,,0.0,,,,,
okio,9929b6be-0f16-4679-aee9-66472cc3ed68,2026-02-27T10:51:06Z,docs,module,,,,,,,,,,0.0,,,,,
okio,9929b6be-0f16-4679-aee9-66472cc3ed68,2026-02-27T10:51:06Z,gradle,module,,,,,,,,,,0.0,,,,,
okio,9929b6be-0f16-4679-aee9-66472cc3ed68,2026-02-27T10:51:06Z,kotlin-js-store,module,,,,,,,,,,0.0,,,,,
okio,9929b6be-0f16-4679-aee9-66472cc3ed68,2026-02-27T10:51:06Z,okio,module,,,,,,,,,,0.0,,,,,
okio,9929b6be-0f16-4679-aee9-66472cc3ed68,2026-02-27T10:51:06Z,okio-assetfilesystem,module,,,,,,,,,,0.0,,,,,
okio,9929b6be-0f16-4679-aee9-66472cc3ed68,2026-02-27T10:51:06Z,okio-bom,module,,,,,,,,,,0.0,,,,,
okio,9929b6be-0f16-4679-aee9-66472cc3ed68,2026-02-27T10:51:06Z,okio-fakefilesystem,module,,,,,,,,,,0.0,,,,,
okio,9929b6be-0f16-4679-aee9-66472cc3ed68,2026-02-27T10:51:06Z,okio-nodefilesystem,module,,,,,,,,,,0.0,,,,,
okio,9929b6be-0f16-4679-aee9-66472cc3ed68,2026-02-27T10:51:06Z,okio-testing-support,module,,,,,,,,,,0.0,,,,,
okio,9929b6be-0f16-4679-aee9-66472cc3ed68,2026-02-27T10:51:06Z,okio-wasifilesystem,module,,,,,,,,,,0.0,,,,,
okio,9929b6be-0f16-4679-aee9-66472cc3ed68,2026-02-27T10:51:06Z,samples,module,,,,,,,,,,0.0,,,,,
okio,9929b6be-0f16-4679-aee9-66472cc3ed68,2026-02-27T10:51:45Z,android-test,module,,,,,,,,,0.0,,,,,,
okio,9929b6be-0f16-4679-aee9-66472cc3ed68,2026-02-27T10:51:45Z,build-support,module,,,,,,,,,0.0,,,,,,
okio,9929b6be-0f16-4679-aee9-66472cc3ed68,2026-02-27T10:51:45Z,docs,module,,,,,,,,,0.0,,,,,,
okio,9929b6be-0f16-4679-aee9-66472cc3ed68,2026-02-27T10:51:45Z,gradle,module,,,,,,,,,0.0,,,,,,
okio,9929b6be-0f16-4679-aee9-66472cc3ed68,2026-02-27T10:51:45Z,kotlin-js-store,module,,,,,,,,,0.0,,,,,,
okio,9929b6be-0f16-4679-aee9-66472cc3ed68,2026-02-27T10:51:45Z,okio,module,,,,,,,,,0.892251,,,,,,
okio,9929b6be-0f16-4679-aee9-66472cc3ed68,2026-02-27T10:51:45Z,okio-assetfilesystem,module,,,,,,,,,0.0,,,,,,
okio,9929b6be-0f16-4679-aee9-66472cc3ed68,2026-02-27T10:51:45Z,okio-bom,module,,,,,,,,,0.0,,,,,,
okio,9929b6be-0f16-4679-aee9-66472cc3ed68,2026-02-27T10:51:45Z,okio-fakefilesystem,module,,,,,,,,,0.0,,,,,,
okio,9929b6be-0f16-4679-aee9-66472cc3ed68,2026-02-27T10:51:45Z,okio-nodefilesystem,module,,,,,,,,,0.0,,,,,,
okio,9929b6be-0f16-4679-aee9-66472cc3ed68,2026-02-27T10:51:45Z,okio-testing-support,module,,,,,,,,,0.0,,,,,,
okio,9929b6be-0f16-4679-aee9-66472cc3ed68,2026-02-27T10:51:45Z,okio-wasifilesystem,module,,,,,,,,,0.0,,,,,,
okio,9929b6be-0f16-4679-aee9-66472cc3ed68,2026-02-27T10:51:45Z,samples,module,,,,,,,,,0.827265,,,,,,
okio,9929b6be-0f16-4679-aee9-66472cc3ed68,2026-02-27T10:53:04Z,android-test,module,,,,,,,,,,,,0.0,,,
okio,9929b6be-0f16-4679-aee9-66472cc3ed68,2026-02-27T10:53:04Z,build-support,module,,,,,,,,,,,,0.0,,,
okio,9929b6be-0f16-4679-aee9-66472cc3ed68,2026-02-27T10:53:04Z,docs,module,,,,,,,,,,,,0.0,,,
okio,9929b6be-0f16-4679-aee9-66472cc3ed68,2026-02-27T10:53:04Z,gradle,module,,,,,,,,,,,,0.0,,,
okio,9929b6be-0f16-4679-aee9-66472cc3ed68,2026-02-27T10:53:04Z,kotlin-js-store,module,,,,,,,,,,,,0.0,,,
okio,9929b6be-0f16-4679-aee9-66472cc3ed68,2026-02-27T10:53:04Z,okio,module,,,,,,,,,,,,4.277778,,,
okio,9929b6be-0f16-4679-aee9-66472cc3ed68,2026-02-27T10:53:04Z,okio-assetfilesystem,module,,,,,,,,,,,,0.0,,,
okio,9929b6be-0f16-4679-aee9-66472cc3ed68,2026-02-27T10:53:04Z,okio-bom,module,,,,,,,,,,,,0.0,,,
okio,9929b6be-0f16-4679-aee9-66472cc3ed68,2026-02-27T10:53:04Z,okio-fakefilesystem,module,,,,,,,,,,,,0.0,,,
okio,9929b6be-0f16-4679-aee9-66472cc3ed68,2026-02-27T10:53:04Z,okio-nodefilesystem,module,,,,,,,,,,,,0.0,,,
okio,9929b6be-0f16-4679-aee9-66472cc3ed68,2026-02-27T10:53:04Z,okio-testing-support,module,,,,,,,,,,,,0.0,,,
okio,9929b6be-0f16-4679-aee9-66472cc3ed68,2026-02-27T10:53:04Z,okio-wasifilesystem,module,,,,,,,,,,,,0.0,,,
okio,9929b6be-0f16-4679-aee9-66472cc3ed68,2026-02-27T10:53:04Z,samples,module,,,,,,,,,,,,2.25,,,
okio,9929b6be-0f16-4679-aee9-66472cc3ed68,2026-02-27T11:00:40Z,android-test,module,,,,,,,,,,,,,0.0,,
okio,9929b6be-0f16-4679-aee9-66472cc3ed68,2026-02-27T11:00:40Z,build-support,module,,,,,,,,,,,,,16.785714,,
okio,9929b6be-0f16-4679-aee9-66472cc3ed68,2026-02-27T11:00:40Z,docs,module,,,,,,,,,,,,,0.0,,
okio,9929b6be-0f16-4679-aee9-66472cc3ed68,2026-02-27T11:00:40Z,gradle,module,,,,,,,,,,,,,0.0,,
okio,9929b6be-0f16-4679-aee9-66472cc3ed68,2026-02-27T11:00:40Z,kotlin-js-store,module,,,,,,,,,,,,,0.0,,
okio,9929b6be-0f16-4679-aee9-66472cc3ed68,2026-02-27T11:00:40Z,okio,module,,,,,,,,,,,,,197.547009,,
okio,9929b6be-0f16-4679-aee9-66472cc3ed68,2026-02-27T11:00:40Z,okio-assetfilesystem,module,,,,,,,,,,,,,0.0,,
okio,9929b6be-0f16-4679-aee9-66472cc3ed68,2026-02-27T11:00:40Z,okio-bom,module,,,,,,,,,,,,,0.0,,
okio,9929b6be-0f16-4679-aee9-66472cc3ed68,2026-02-27T11:00:40Z,okio-fakefilesystem,module,,,,,,,,,,,,,0.0,,
okio,9929b6be-0f16-4679-aee9-66472cc3ed68,2026-02-27T11:00:40Z,okio-nodefilesystem,module,,,,,,,,,,,,,0.0,,
okio,9929b6be-0f16-4679-aee9-66472cc3ed68,2026-02-27T11:00:40Z,okio-testing-support,module,,,,,,,,,,,,,0.0,,
okio,9929b6be-0f16-4679-aee9-66472cc3ed68,2026-02-27T11:00:40Z,okio-wasifilesystem,module,,,,,,,,,,,,,0.0,,
okio,9929b6be-0f16-4679-aee9-66472cc3ed68,2026-02-27T11:00:40Z,samples,module,,,,,,,,,,,,,0.0,,
okio,c263e45c-541e-43a3-8b9f-a5c2268ca973,2026-02-27T10:59:41Z,android-test,module,,,,,,,,,,,,,0.0,,
okio,c263e45c-541e-43a3-8b9f-a5c2268ca973,2026-02-27T10:59:41Z,build-support,module,,,,,,,,,,,,,16.785714,,
okio,c263e45c-541e-43a3-8b9f-a5c2268ca973,2026-02-27T10:59:41Z,docs,module,,,,,,,,,,,,,0.0,,
okio,c263e45c-541e-43a3-8b9f-a5c2268ca973,2026-02-27T10:59:41Z,gradle,module,,,,,,,,,,,,,0.0,,
okio,c263e45c-541e-43a3-8b9f-a5c2268ca973,2026-02-27T10:59:41Z,kotlin-js-store,module,,,,,,,,,,,,,0.0,,
okio,c263e45c-541e-43a3-8b9f-a5c2268ca973,2026-02-27T10:59:41Z,okio,module,,,,,,,,,,,,,197.547009,,
okio,c263e45c-541e-43a3-8b9f-a5c2268ca973,2026-02-27T10:59:41Z,okio-assetfilesystem,module,,,,,,,,,,,,,0.0,,
okio,c263e45c-541e-43a3-8b9f-a5c2268ca973,2026-02-27T10:59:41Z,okio-bom,module,,,,,,,,,,,,,0.0,,
okio,c263e45c-541e-43a3-8b9f-a5c2268ca973,2026-02-27T10:59:41Z,okio-fakefilesystem,module,,,,,,,,,,,,,0.0,,
okio,c263e45c-541e-43a3-8b9f-a5c2268ca973,2026-02-27T10:59:41Z,okio-nodefilesystem,module,,,,,,,,,,,,,0.0,,
okio,c263e45c-541e-43a3-8b9f-a5c2268ca973,2026-02-27T10:59:41Z,okio-testing-support,module,,,,,,,,,,,,,0.0,,
okio,c263e45c-541e-43a3-8b9f-a5c2268ca973,2026-02-27T10:59:41Z,okio-wasifilesystem,module,,,,,,,,,,,,,0.0,,
okio,c263e45c-541e-43a3-8b9f-a5c2268ca973,2026-02-27T10:59:41Z,samples,module,,,,,,,,,,,,,0.0,,
retrofit,030e2a2b-218c-483d-a0fc-5676e8a16697,2026-02-27T11:16:43Z,gradle,module,,0.0,,,,,0.0,,,,0.0,,,,
retrofit,030e2a2b-218c-483d-a0fc-5676e8a16697,2026-02-27T11:16:43Z,retrofit-bom,module,,0.0,,,,,0.0,,,,0.0,,,,
retrofit,030e2a2b-218c-483d-a0fc-5676e8a16697,2026-02-27T11:16:43Z,website,module,,0.0,,,,,0.0,,,,0.0,,,,
retrofit,030e2a2b-218c-483d-a0fc-5676e8a16697,2026-02-27T11:17:17Z,gradle,module,,,,,,,,,,0.0,,,,,
retrofit,030e2a2b-218c-483d-a0fc-5676e8a16697,2026-02-27T11:17:17Z,retrofit-bom,module,,,,,,,,,,0.0,,,,,
retrofit,030e2a2b-218c-483d-a0fc-5676e8a16697,2026-02-27T11:17:17Z,website,module,,,,,,,,,,0.0,,,,,
retrofit,3b3891b5-75b4-4f68-8e64-e83d63db6a72,2026-02-27T11:03:21Z,gradle,module,,,,,,,,,,,,0.0,,,
retrofit,3b3891b5-75b4-4f68-8e64-e83d63db6a72,2026-02-27T11:03:21Z,retrofit,module,,,,,,,,,,,,7.210526,,,
retrofit,3b3891b5-75b4-4f68-8e64-e83d63db6a72,2026-02-27T11:03:21Z,retrofit-adapters,module,,,,,,,,,,,,2.030181,,,
retrofit,3b3891b5-75b4-4f68-8e64-e83d63db6a72,2026-02-27T11:03:21Z,retrofit-bom,module,,,,,,,,,,,,0.0,,,
retrofit,3b3891b5-75b4-4f68-8e64-e83d63db6a72,2026-02-27T11:03:21Z,retrofit-converters,module,,,,,,,,,,,,4.715517,,,
retrofit,3b3891b5-75b4-4f68-8e64-e83d63db6a72,2026-02-27T11:03:21Z,retrofit-mock,module,,,,,,,,,,,,12.928571,,,
retrofit,3b3891b5-75b4-4f68-8e64-e83d63db6a72,2026-02-27T11:03:21Z,retrofit-response-type-keeper,module,,,,,,,,,,,,0.0,,,
retrofit,3b3891b5-75b4-4f68-8e64-e83d63db6a72,2026-02-27T11:03:21Z,samples,module,,,,,,,,,,,,1.0,,,
retrofit,3b3891b5-75b4-4f68-8e64-e83d63db6a72,2026-02-27T11:03:21Z,website,module,,,,,,,,,,,,0.0,,,
retrofit,3b3891b5-75b4-4f68-8e64-e83d63db6a72,2026-02-27T11:04:52Z,gradle,module,,,,,,,,,,,,,0.0,,
retrofit,3b3891b5-75b4-4f68-8e64-e83d63db6a72,2026-02-27T11:04:52Z,retrofit,module,,,,,,,,,,,,,7.106195,,
retrofit,3b3891b5-75b4-4f68-8e64-e83d63db6a72,2026-02-27T11:04:52Z,retrofit-adapters,module,,,,,,,,,,,,,0.0,,
retrofit,3b3891b5-75b4-4f68-8e64-e83d63db6a72,2026-02-27T11:04:52Z,retrofit-bom,module,,,,,,,,,,,,,0.0,,
retrofit,3b3891b5-75b4-4f68-8e64-e83d63db6a72,2026-02-27T11:04:52Z,retrofit-converters,module,,,,,,,,,,,,,0.0,,
retrofit,3b3891b5-75b4-4f68-8e64-e83d63db6a72,2026-02-27T11:04:52Z,retrofit-mock,module,,,,,,,,,,,,,14.875,,
retrofit,3b3891b5-75b4-4f68-8e64-e83d63db6a72,2026-02-27T11:04:52Z,retrofit-response-type-keeper,module,,,,,,,,,,,,,10.0,,
retrofit,3b3891b5-75b4-4f68-8e64-e83d63db6a72,2026-02-27T11:04:52Z,samples,module,,,,,,,,,,,,,1.705882,,
retrofit,3b3891b5-75b4-4f68-8e64-e83d63db6a72,2026-02-27T11:04:52Z,website,module,,,,,,,,,,,,,0.0,,
retrofit,4671899e-8e10-4968-9b8e-7c632f591567,2026-02-27T11:23:21Z,gradle,module,,0.0,,,,,0.0,,,,0.0,,,,
retrofit,4671899e-8e10-4968-9b8e-7c632f591567,2026-02-27T11:23:21Z,retrofit,module,,1.0,,,,,24.0,,,,0.96,,,,
retrofit,4671899e-8e10-4968-9b8e-7c632f591567,2026-02-27T11:23:21Z,retrofit-bom,module,,0.0,,,,,0.0,,,,0.0,,,,
retrofit,4671899e-8e10-4968-9b8e-7c632f591567,2026-02-27T11:23:21Z,retrofit-mock,module,,0.0,,,,,9.0,,,,1.0,,,,
retrofit,4671899e-8e10-4968-9b8e-7c632f591567,2026-02-27T11:23:21Z,retrofit-response-type-keeper,module,,0.0,,,,,13.0,,,,1.0,,,,
retrofit,4671899e-8e10-4968-9b8e-7c632f591567,2026-02-27T11:23:21Z,samples,module,,0.0,,,,,31.0,,,,1.0,,,,
retrofit,4671899e-8e10-4968-9b8e-7c632f591567,2026-02-27T11:23:21Z,website,module,,0.0,,,,,0.0,,,,0.0,,,,
retrofit,4671899e-8e10-4968-9b8e-7c632f591567,2026-02-27T11:23:45Z,gradle,module,,,,,,,,,,0.0,,,,,
retrofit,4671899e-8e10-4968-9b8e-7c632f591567,2026-02-27T11:23:45Z,retrofit,module,,,,,,,,,,0.96,,,,,
retrofit,4671899e-8e10-4968-9b8e-7c632f591567,2026-02-27T11:23:45Z,retrofit-bom,module,,,,,,,,,,0.0,,,,,
retrofit,4671899e-8e10-4968-9b8e-7c632f591567,2026-02-27T11:23:45Z,retrofit-mock,module,,,,,,,,,,1.0,,,,,
retrofit,4671899e-8e10-4968-9b8e-7c632f591567,2026-02-27T11:23:45Z,retrofit-response-type-keeper,module,,,,,,,,,,1.0,,,,,
retrofit,4671899e-8e10-4968-9b8e-7c632f591567,2026-02-27T11:23:45Z,samples,module,,,,,,,,,,1.0,,,,,
retrofit,4671899e-8e10-4968-9b8e-7c632f591567,2026-02-27T11:23:45Z,website,module,,,,,,,,,,0.0,,,,,
retrofit,5870895b-b82d-493e-8c96-985f04d264a4,2026-02-27T11:01:31Z,gradle,module,,,,,,,,,,,,,0.0,,
retrofit,5870895b-b82d-493e-8c96-985f04d264a4,2026-02-27T11:01:31Z,retrofit,module,,,,,,,,,,,,,7.106195,,
retrofit,5870895b-b82d-493e-8c96-985f04d264a4,2026-02-27T11:01:31Z,retrofit-adapters,module,,,,,,,,,,,,,0.0,,
retrofit,5870895b-b82d-493e-8c96-985f04d264a4,2026-02-27T11:01:31Z,retrofit-bom,module,,,,,,,,,,,,,0.0,,
retrofit,5870895b-b82d-493e-8c96-985f04d264a4,2026-02-27T11:01:31Z,retrofit-converters,module,,,,,,,,,,,,,0.0,,
retrofit,5870895b-b82d-493e-8c96-985f04d264a4,2026-02-27T11:01:31Z,retrofit-mock,module,,,,,,,,,,,,,14.875,,
retrofit,5870895b-b82d-493e-8c96-985f04d264a4,2026-02-27T11:01:31Z,retrofit-response-type-keeper,module,,,,,,,,,,,,,10.0,,
retrofit,5870895b-b82d-493e-8c96-985f04d264a4,2026-02-27T11:01:31Z,samples,module,,,,,,,,,,,,,1.705882,,
retrofit,5870895b-b82d-493e-8c96-985f04d264a4,2026-02-27T11:01:31Z,website,module,,,,,,,,,,,,,0.0,,
retrofit,9929b6be-0f16-4679-aee9-66472cc3ed68,2026-02-27T10:47:38Z,gradlew,module,,,,,1.0,,,,,,,,,,
retrofit,9929b6be-0f16-4679-aee9-66472cc3ed68,2026-02-27T10:47:38Z,retrofit,module,,,,,2.59322,,,,,,,,,,
retrofit,9929b6be-0f16-4679-aee9-66472cc3ed68,2026-02-27T10:47:38Z,retrofit-adapters,module,,,,,2.064935,,,,,,,,,,
retrofit,9929b6be-0f16-4679-aee9-66472cc3ed68,2026-02-27T10:47:38Z,retrofit-converters,module,,,,,1.715328,,,,,,,,,,
retrofit,9929b6be-0f16-4679-aee9-66472cc3ed68,2026-02-27T10:47:38Z,retrofit-mock,module,,,,,1.69863,,,,,,,,,,
retrofit,9929b6be-0f16-4679-aee9-66472cc3ed68,2026-02-27T10:47:38Z,retrofit-response-type-keeper,module,,,,,2.666667,,,,,,,,,,
retrofit,9929b6be-0f16-4679-aee9-66472cc3ed68,2026-02-27T10:47:38Z,samples,module,,,,,1.886792,,,,,,,,,,
retrofit,9929b6be-0f16-4679-aee9-66472cc3ed68,2026-02-27T10:47:38Z,website,module,,,,,3.304571,,,,,,,,,,
retrofit,9929b6be-0f16-4679-aee9-66472cc3ed68,2026-02-27T10:47:54Z,gradle,module,,,,,,,,,,,,,,0.0,0.0
retrofit,9929b6be-0f16-4679-aee9-66472cc3ed68,2026-02-27T10:47:54Z,retrofit,module,,,,2.459184,,,,,,,,,,294.0,723.0
retrofit,9929b6be-0f16-4679-aee9-66472cc3ed68,2026-02-27T10:47:54Z,retrofit-adapters,module,,,,1.378378,,,,,,,,,,703.0,969.0
retrofit,9929b6be-0f16-4679-aee9-66472cc3ed68,2026-02-27T10:47:54Z,retrofit-bom,module,,,,,,,,,,,,,,0.0,0.0
retrofit,9929b6be-0f16-4679-aee9-66472cc3ed68,2026-02-27T10:47:54Z,retrofit-converters,module,,,,1.42671,,,,,,,,,,307.0,438.0
retrofit,9929b6be-0f16-4679-aee9-66472cc3ed68,2026-02-27T10:47:54Z,retrofit-mock,module,,,,1.670886,,,,,,,,,,79.0,132.0
retrofit,9929b6be-0f16-4679-aee9-66472cc3ed68,2026-02-27T10:47:54Z,retrofit-response-type-keeper,module,,,,,,,,,,,,,,0.0,0.0
retrofit,9929b6be-0f16-4679-aee9-66472cc3ed68,2026-02-27T10:47:54Z,samples,module,,,,1.483516,,,,,,,,,,91.0,135.0
retrofit,9929b6be-0f16-4679-aee9-66472cc3ed68,2026-02-27T10:47:54Z,website,module,,,,,,,,,,,,,,0.0,0.0
retrofit,9929b6be-0f16-4679-aee9-66472cc3ed68,2026-02-27T10:49:11Z,gradle,module,,0.0,,,,,0.0,,,,0.0,,,,
retrofit,9929b6be-0f16-4679-aee9-66472cc3ed68,2026-02-27T10:49:11Z,retrofit,module,,2.0,,,,,2.0,,,,0.5,,,,
retrofit,9929b6be-0f16-4679-aee9-66472cc3ed68,2026-02-27T10:49:11Z,retrofit-adapters,module,,0.0,,,,,0.0,,,,0.0,,,,
retrofit,9929b6be-0f16-4679-aee9-66472cc3ed68,2026-02-27T10:49:11Z,retrofit-bom,module,,0.0,,,,,0.0,,,,0.0,,,,
retrofit,9929b6be-0f16-4679-aee9-66472cc3ed68,2026-02-27T10:49:11Z,retrofit-converters,module,,0.0,,,,,0.0,,,,0.0,,,,
retrofit,9929b6be-0f16-4679-aee9-66472cc3ed68,2026-02-27T10:49:11Z,retrofit-mock,module,,0.0,,,,,0.0,,,,0.0,,,,
retrofit,9929b6be-0f16-4679-aee9-66472cc3ed68,2026-02-27T10:49:11Z,retrofit-response-type-keeper,module,,0.0,,,,,0.0,,,,0.0,,,,
retrofit,9929b6be-0f16-4679-aee9-66472cc3ed68,2026-02-27T10:49:11Z,samples,module,,0.0,,,,,0.0,,,,0.0,,,,
retrofit,9929b6be-0f16-4679-aee9-66472cc3ed68,2026-02-27T10:49:11Z,website,module,,0.0,,,,,0.0,,,,0.0,,,,
retrofit,9929b6be-0f16-4679-aee9-66472cc3ed68,2026-02-27T10:49:48Z,gradle,module,0.0,,0.0,,,0.0,,0.0,,,,,,,
retrofit,9929b6be-0f16-4679-aee9-66472cc3ed68,2026-02-27T10:49:48Z,retrofit,module,202.0,,499.0,,,499.0,,0.71184,,,,,,,
retrofit,9929b6be-0f16-4679-aee9-66472cc3ed68,2026-02-27T10:49:48Z,retrofit-adapters,module,343.0,,1577.0,,,1577.0,,0.821354,,,,,,,
retrofit,9929b6be-0f16-4679-aee9-66472cc3ed68,2026-02-27T10:49:48Z,retrofit-bom,module,0.0,,0.0,,,0.0,,0.0,,,,,,,
retrofit,9929b6be-0f16-4679-aee9-66472cc3ed68,2026-02-27T10:49:48Z,retrofit-converters,module,81.0,,700.0,,,700.0,,0.896287,,,,,,,
retrofit,9929b6be-0f16-4679-aee9-66472cc3ed68,2026-02-27T10:49:48Z,retrofit-mock,module,14.0,,70.0,,,70.0,,0.833333,,,,,,,
retrofit,9929b6be-0f16-4679-aee9-66472cc3ed68,2026-02-27T10:49:48Z,retrofit-response-type-keeper,module,0.0,,0.0,,,0.0,,0.0,,,,,,,
retrofit,9929b6be-0f16-4679-aee9-66472cc3ed68,2026-02-27T10:49:48Z,samples,module,3.0,,242.0,,,242.0,,0.987755,,,,,,,
retrofit,9929b6be-0f16-4679-aee9-66472cc3ed68,2026-02-27T10:49:48Z,website,module,0.0,,0.0,,,0.0,,0.0,,,,,,,
retrofit,9929b6be-0f16-4679-aee9-66472cc3ed68,2026-02-27T10:51:06Z,gradle,module,,,,,,,,,,0.0,,,,,
retrofit,9929b6be-0f16-4679-aee9-66472cc3ed68,2026-02-27T10:51:06Z,retrofit,module,,,,,,,,,,0.333333,,,,,
retrofit,9929b6be-0f16-4679-aee9-66472cc3ed68,2026-02-27T10:51:06Z,retrofit-adapters,module,,,,,,,,,,0.0,,,,,
retrofit,9929b6be-0f16-4679-aee9-66472cc3ed68,2026-02-27T10:51:06Z,retrofit-bom,module,,,,,,,,,,0.0,,,,,
retrofit,9929b6be-0f16-4679-aee9-66472cc3ed68,2026-02-27T10:51:06Z,retrofit-converters,module,,,,,,,,,,0.0,,,,,
retrofit,9929b6be-0f16-4679-aee9-66472cc3ed68,2026-02-27T10:51:06Z,retrofit-mock,module,,,,,,,,,,0.0,,,,,
retrofit,9929b6be-0f16-4679-aee9-66472cc3ed68,2026-02-27T10:51:06Z,retrofit-response-type-keeper,module,,,,,,,,,,0.0,,,,,
retrofit,9929b6be-0f16-4679-aee9-66472cc3ed68,2026-02-27T10:51:06Z,samples,module,,,,,,,,,,0.0,,,,,
retrofit,9929b6be-0f16-4679-aee9-66472cc3ed68,2026-02-27T10:51:06Z,website,module,,,,,,,,,,0.0,,,,,
retrofit,9929b6be-0f16-4679-aee9-66472cc3ed68,2026-02-27T10:51:45Z,gradle,module,,,,,,,,,0.0,,,,,,
retrofit,9929b6be-0f16-4679-aee9-66472cc3ed68,2026-02-27T10:51:45Z,retrofit,module,,,,,,,,,0.84918,,,,,,
retrofit,9929b6be-0f16-4679-aee9-66472cc3ed68,2026-02-27T10:51:45Z,retrofit-adapters,module,,,,,,,,,0.492702,,,,,,
retrofit,9929b6be-0f16-4679-aee9-66472cc3ed68,2026-02-27T10:51:45Z,retrofit-bom,module,,,,,,,,,0.0,,,,,,
retrofit,9929b6be-0f16-4679-aee9-66472cc3ed68,2026-02-27T10:51:45Z,retrofit-converters,module,,,,,,,,,0.843136,,,,,,
retrofit,9929b6be-0f16-4679-aee9-66472cc3ed68,2026-02-27T10:51:45Z,retrofit-mock,module,,,,,,,,,0.760714,,,,,,
retrofit,9929b6be-0f16-4679-aee9-66472cc3ed68,2026-02-27T10:51:45Z,retrofit-response-type-keeper,module,,,,,,,,,0.0,,,,,,
retrofit,9929b6be-0f16-4679-aee9-66472cc3ed68,2026-02-27T10:51:45Z,samples,module,,,,,,,,,0.862607,,,,,,
retrofit,9929b6be-0f16-4679-aee9-66472cc3ed68,2026-02-27T10:51:45Z,website,module,,,,,,,,,0.0,,,,,,
retrofit,9929b6be-0f16-4679-aee9-66472cc3ed68,2026-02-27T10:53:04Z,gradle,module,,,,,,,,,,,,0.0,,,
retrofit,9929b6be-0f16-4679-aee9-66472cc3ed68,2026-02-27T10:53:04Z,retrofit,module,,,,,,,,,,,,7.210526,,,
retrofit,9929b6be-0f16-4679-aee9-66472cc3ed68,2026-02-27T10:53:04Z,retrofit-adapters,module,,,,,,,,,,,,2.030181,,,
retrofit,9929b6be-0f16-4679-aee9-66472cc3ed68,2026-02-27T10:53:04Z,retrofit-bom,module,,,,,,,,,,,,0.0,,,
retrofit,9929b6be-0f16-4679-aee9-66472cc3ed68,2026-02-27T10:53:04Z,retrofit-converters,module,,,,,,,,,,,,4.715517,,,
retrofit,9929b6be-0f16-4679-aee9-66472cc3ed68,2026-02-27T10:53:04Z,retrofit-mock,module,,,,,,,,,,,,12.928571,,,
retrofit,9929b6be-0f16-4679-aee9-66472cc3ed68,2026-02-27T10:53:04Z,retrofit-response-type-keeper,module,,,,,,,,,,,,0.0,,,
retrofit,9929b6be-0f16-4679-aee9-66472cc3ed68,2026-02-27T10:53:04Z,samples,module,,,,,,,,,,,,1.0,,,
retrofit,9929b6be-0f16-4679-aee9-66472cc3ed68,2026-02-27T10:53:04Z,website,module,,,,,,,,,,,,0.0,,,
retrofit,9929b6be-0f16-4679-aee9-66472cc3ed68,2026-02-27T11:00:40Z,gradle,module,,,,,,,,,,,,,0.0,,
retrofit,9929b6be-0f16-4679-aee9-66472cc3ed68,2026-02-27T11:00:40Z,retrofit,module,,,,,,,,,,,,,7.106195,,
retrofit,9929b6be-0f16-4679-aee9-66472cc3ed68,2026-02-27T11:00:40Z,retrofit-adapters,module,,,,,,,,,,,,,0.0,,
retrofit,9929b6be-0f16-4679-aee9-66472cc3ed68,2026-02-27T11:00:40Z,retrofit-bom,module,,,,,,,,,,,,,0.0,,
retrofit,9929b6be-0f16-4679-aee9-66472cc3ed68,2026-02-27T11:00:40Z,retrofit-converters,module,,,,,,,,,,,,,0.0,,
retrofit,9929b6be-0f16-4679-aee9-66472cc3ed68,2026-02-27T11:00:40Z,retrofit-mock,module,,,,,,,,,,,,,14.875,,
retrofit,9929b6be-0f16-4679-aee9-66472cc3ed68,2026-02-27T11:00:40Z,retrofit-response-type-keeper,module,,,,,,,,,,,,,10.0,,
retrofit,9929b6be-0f16-4679-aee9-66472cc3ed68,2026-02-27T11:00:40Z,samples,module,,,,,,,,,,,,,1.705882,,
retrofit,9929b6be-0f16-4679-aee9-66472cc3ed68,2026-02-27T11:00:40Z,website,module,,,,,,,,,,,,,0.0,,
retrofit,c263e45c-541e-43a3-8b9f-a5c2268ca973,2026-02-27T10:59:41Z,gradle,module,,,,,,,,,,,,,0.0,,
retrofit,c263e45c-541e-43a3-8b9f-a5c2268ca973,2026-02-27T10:59:41Z,retrofit,module,,,,,,,,,,,,,7.106195,,
retrofit,c263e45c-541e-43a3-8b9f-a5c2268ca973,2026-02-27T10:59:41Z,retrofit-adapters,module,,,,,,,,,,,,,0.0,,
retrofit,c263e45c-541e-43a3-8b9f-a5c2268ca973,2026-02-27T10:59:41Z,retrofit-bom,module,,,,,,,,,,,,,0.0,,
retrofit,c263e45c-541e-43a3-8b9f-a5c2268ca973,2026-02-27T10:59:41Z,retrofit-converters,module,,,,,,,,,,,,,0.0,,
retrofit,c263e45c-541e-43a3-8b9f-a5c2268ca973,2026-02-27T10:59:41Z,retrofit-mock,module,,,,,,,,,,,,,14.875,,
retrofit,c263e45c-541e-43a3-8b9f-a5c2268ca973,2026-02-27T10:59:41Z,retrofit-response-type-keeper,module,,,,,,,,,,,,,10.0,,
retrofit,c263e45c-541e-43a3-8b9f-a5c2268ca973,2026-02-27T10:59:41Z,samples,module,,,,,,,,,,,,,1.705882,,
retrofit,c263e45c-541e-43a3-8b9f-a5c2268ca973,2026-02-27T10:59:41Z,website,module,,,,,,,,,,,,,0.0,,
spring-framework,3b3891b5-75b4-4f68-8e64-e83d63db6a72,2026-02-27T11:03:21Z,spring-core,module,,,,,,,,,,,,40.957692,,,
spring-framework,3b3891b5-75b4-4f68-8e64-e83d63db6a72,2026-02-27T11:04:52Z,spring-core,module,,,,,,,,,,,,,0.0,,
spring-framework,5870895b-b82d-493e-8c96-985f04d264a4,2026-02-27T11:01:31Z,spring-core,module,,,,,,,,,,,,,0.0,,
spring-framework,9929b6be-0f16-4679-aee9-66472cc3ed68,2026-02-27T10:47:38Z,gradlew,module,,,,,1.0,,,,,,,,,,
spring-framework,9929b6be-0f16-4679-aee9-66472cc3ed68,2026-02-27T10:47:38Z,spring-core,module,,,,,2.277861,,,,,,,,,,
spring-framework,9929b6be-0f16-4679-aee9-66472cc3ed68,2026-02-27T10:47:54Z,spring-core,module,,,,2.18949,,,,,,,,,,7098.0,15541.0
spring-framework,9929b6be-0f16-4679-aee9-66472cc3ed68,2026-02-27T10:49:11Z,spring-core,module,,114.0,,,,,114.0,,,,0.5,,,,
spring-framework,9929b6be-0f16-4679-aee9-66472cc3ed68,2026-02-27T10:49:48Z,spring-core,module,2443.0,,4746.0,,,4746.0,,0.660175,,,,,,,
spring-framework,9929b6be-0f16-4679-aee9-66472cc3ed68,2026-02-27T10:51:06Z,spring-core,module,,,,,,,,,,0.64023,,,,,
spring-framework,9929b6be-0f16-4679-aee9-66472cc3ed68,2026-02-27T10:51:45Z,spring-core,module,,,,,,,,,0.703863,,,,,,
spring-framework,9929b6be-0f16-4679-aee9-66472cc3ed68,2026-02-27T10:53:04Z,spring-core,module,,,,,,,,,,,,40.957692,,,
spring-framework,9929b6be-0f16-4679-aee9-66472cc3ed68,2026-02-27T11:00:40Z,spring-core,module,,,,,,,,,,,,,0.0,,
spring-framework,c263e45c-541e-43a3-8b9f-a5c2268ca973,2026-02-27T10:59:41Z,spring-core,module,,,,,,,,,,,,,0.0,,
